team,player,nation,pos,age,mp,starts,min,gls,ast,pk,pkatt,crdy,crdr,gls2,ast2,ga,gpk,gapk,xg,npxg,xa,xg2,xa2,xgxa,npxg2,npxgxa
Arsenal,Bernd Leno,GER,GK,27,21,21,1890,0,0,0,0,2,0,0,0,0,0,0,0,0,0,0,0,0,0,0
Arsenal,Pierre-Emerick Aubameyang,GAB,"FW,MF",30,21,21,1878,13,1,1,1,3,0,0.62,0.05,0.67,0.58,0.62,9.4,8.6,1.6,0.45,0.08,0.53,0.41,0.49
Arsenal,David Luiz,BRA,"DF,MF",32,18,18,1620,2,0,0,0,4,0,0.11,0,0.11,0.11,0.11,1.4,1.4,0.3,0.08,0.02,0.1,0.08,0.1
Arsenal,Sokratis Papastathopoulos,GRE,DF,31,17,17,1517,2,0,0,0,5,0,0.12,0,0.12,0.12,0.12,0.9,0.9,0.2,0.05,0.01,0.06,0.05,0.06
Arsenal,Mattéo Guendouzi,FRA,MF,20,18,16,1413,0,1,0,0,5,0,0,0.06,0.06,0,0.06,0.6,0.6,1.1,0.04,0.07,0.1,0.04,0.1
Arsenal,Granit Xhaka,SUI,MF,26,15,15,1278,0,1,0,0,4,0,0,0.07,0.07,0,0.07,0.2,0.2,0.7,0.01,0.05,0.06,0.01,0.06
Arsenal,Calum Chambers,ENG,DF,24,14,13,1103,1,1,0,0,5,0,0.08,0.08,0.16,0.08,0.16,0.6,0.6,0.8,0.05,0.06,0.12,0.05,0.12
Arsenal,Lucas Torreira,URU,MF,23,18,12,1079,1,0,0,0,3,0,0.08,0,0.08,0.08,0.08,1.5,1.5,0.7,0.13,0.06,0.19,0.13,0.19
Arsenal,Ainsley Maitland-Niles,ENG,"FW,MF",21,12,12,1030,0,2,0,0,4,1,0,0.17,0.17,0,0.17,0.2,0.2,1.5,0.02,0.13,0.15,0.02,0.15
Arsenal,Nicolas Pépé,CIV,FW,24,18,11,1084,3,3,1,1,2,0,0.25,0.25,0.5,0.17,0.42,3.7,3,2.1,0.31,0.18,0.49,0.25,0.42
Arsenal,Sead Kolašinac,BIH,"DF,MF",26,15,11,999,0,2,0,0,3,0,0,0.18,0.18,0,0.18,0.7,0.7,1,0.07,0.09,0.16,0.07,0.16
Arsenal,Alexandre Lacazette,FRA,FW,28,14,11,939,5,1,0,0,4,0,0.48,0.1,0.58,0.48,0.58,3.8,3.8,1,0.36,0.1,0.46,0.36,0.46
Arsenal,Mesut Özil,GER,MF,30,11,11,910,0,1,0,0,0,0,0,0.1,0.1,0,0.1,0.8,0.8,1.5,0.08,0.14,0.22,0.08,0.22
Arsenal,Bukayo Saka,ENG,MF,17,12,7,697,0,1,0,0,3,0,0,0.13,0.13,0,0.13,0.7,0.7,0.8,0.09,0.11,0.2,0.09,0.2
Arsenal,Dani Ceballos,ESP,MF,22,11,7,664,0,2,0,0,0,0,0,0.27,0.27,0,0.27,0.3,0.3,0.7,0.05,0.09,0.13,0.05,0.13
Arsenal,Joe Willock,ENG,MF,19,16,6,547,0,0,0,0,1,0,0,0,0,0,0,0.8,0.8,0.5,0.13,0.08,0.21,0.13,0.21
Arsenal,Reiss Nelson,ENG,MF,19,9,5,439,0,0,0,0,1,0,0,0,0,0,0,0.6,0.6,0.3,0.12,0.06,0.18,0.12,0.18
Arsenal,Kieran Tierney,SCO,DF,22,5,4,299,0,0,0,0,1,0,0,0,0,0,0,0.1,0.1,0.5,0.02,0.16,0.19,0.02,0.19
Arsenal,Martinelli,BRA,MF,18,10,3,366,1,0,0,0,1,0,0.25,0,0.25,0.25,0.25,0.8,0.8,0.2,0.19,0.05,0.24,0.19,0.24
Arsenal,Nacho Monreal,ESP,DF,33,3,3,270,0,0,0,0,0,0,0,0,0,0,0,0.1,0.1,0.3,0.03,0.08,0.11,0.03,0.11
Arsenal,Héctor Bellerín,ESP,DF,24,3,3,263,0,0,0,0,2,0,0,0,0,0,0,0,0,0.1,0.01,0.03,0.05,0.01,0.05
Arsenal,Shkodran Mustafi,GER,DF,27,3,1,170,0,0,0,0,0,0,0,0,0,0,0,0.3,0.3,0,0.18,0,0.18,0.18,0.18
Arsenal,Henrikh Mkhitaryan,ARM,"FW,MF",30,3,1,111,0,0,0,0,1,0,0,0,0,0,0,0.2,0.2,0.2,0.18,0.18,0.37,0.18,0.37
Arsenal,Emile Smith-Rowe,ENG,,19,2,1,97,0,0,0,0,0,0,0,0,0,0,0,0,0,0,0,0,0,0,0
Arsenal,Rob Holding,ENG,DF,23,1,1,77,0,0,0,0,0,0,0,0,0,0,0,0,0,0,0,0,0,0,0
Arsenal,Tyreece John-Jules,ENG,FW,18,0,0,,,,,,,,,,,,,,,,,,,,
Arsenal,Emiliano Martínez,ARG,GK,26,0,0,,,,,,,,,,,,,,,,,,,,
Arsenal,Konstantinos Mavropanos,GRE,DF,21,0,0,,,,,,,,,,,,,,,,,,,,
Aston Villa,Wesley Moraes,BRA,FW,22,21,21,1790,5,1,0,1,3,0,0.25,0.05,0.3,0.25,0.3,5.2,4.4,0.9,0.26,0.04,0.31,0.22,0.26
Aston Villa,Tom Heaton,ENG,GK,33,20,20,1795,0,0,0,0,0,0,0,0,0,0,0,0,0,0,0,0,0,0,0
Aston Villa,Jack Grealish,ENG,MF,23,19,19,1704,6,5,0,1,5,0,0.32,0.26,0.58,0.32,0.58,4.7,3.9,3.2,0.25,0.17,0.42,0.21,0.38
Aston Villa,John McGinn,SCO,MF,24,18,18,1538,3,2,0,0,2,0,0.18,0.12,0.29,0.18,0.29,2.7,2.7,1.9,0.16,0.11,0.27,0.16,0.27
Aston Villa,Tyrone Mings,ENG,DF,26,17,17,1463,1,1,0,0,3,0,0.06,0.06,0.12,0.06,0.12,0.7,0.7,0.4,0.04,0.03,0.07,0.04,0.07
Aston Villa,Frederic Guilbert,FRA,DF,24,17,15,1360,0,2,0,0,5,0,0,0.13,0.13,0,0.13,0.2,0.2,1.2,0.01,0.08,0.09,0.01,0.09
Aston Villa,Anwar El Ghazi,NED,"FW,MF",24,18,15,1231,3,4,0,0,2,0,0.22,0.29,0.51,0.22,0.51,4.1,4.1,2.1,0.3,0.15,0.45,0.3,0.45
Aston Villa,Matt Targett,ENG,DF,23,14,14,1151,1,2,0,0,3,0,0.08,0.16,0.23,0.08,0.23,0.2,0.2,2.1,0.02,0.16,0.18,0.02,0.18
Aston Villa,Douglas Luiz,BRA,MF,21,19,13,1233,2,1,0,0,2,0,0.15,0.07,0.22,0.15,0.22,1.4,1.4,0.6,0.1,0.04,0.15,0.1,0.15
Aston Villa,Björn Engels,BEL,DF,24,14,13,1222,0,0,0,0,1,0,0,0,0,0,0,0.3,0.3,0,0.02,0,0.02,0.02,0.02
Aston Villa,Marvelous Nakamba,ZIM,MF,25,14,13,1152,0,0,0,0,2,0,0,0,0,0,0,0.1,0.1,0.5,0.01,0.04,0.04,0.01,0.04
Aston Villa,Trézéguet,EGY,MF,24,18,11,1069,3,1,0,0,4,1,0.25,0.08,0.34,0.25,0.34,2.3,2.3,0.5,0.19,0.05,0.24,0.19,0.24
Aston Villa,Conor Hourihane,IRL,MF,28,14,9,775,3,2,0,0,2,0,0.35,0.23,0.58,0.35,0.58,0.9,0.9,2.4,0.11,0.28,0.39,0.11,0.39
Aston Villa,Ezri Konsa,ENG,FW,21,9,8,735,0,1,0,0,0,0,0,0.12,0.12,0,0.12,0.3,0.3,0.1,0.03,0.01,0.04,0.03,0.04
Aston Villa,Neil Taylor,WAL,DF,30,9,7,703,0,0,0,0,2,0,0,0,0,0,0,0.2,0.2,0.1,0.03,0.01,0.04,0.03,0.04
Aston Villa,Ahmed Elmohamady,EGY,"DF,MF",31,10,6,611,0,1,0,0,0,0,0,0.15,0.15,0,0.15,0.2,0.2,1.2,0.04,0.17,0.21,0.04,0.21
Aston Villa,Kortney Hause,ENG,DF,24,5,5,450,0,0,0,0,1,0,0,0,0,0,0,0.2,0.2,0,0.03,0,0.03,0.03,0.03
Aston Villa,Jota,ESP,MF,28,8,4,313,0,1,0,0,0,0,0,0.29,0.29,0,0.29,0.1,0.1,0.6,0.04,0.18,0.21,0.04,0.21
Aston Villa,Henri Lansbury,ENG,MF,28,8,2,178,0,0,0,0,0,0,0,0,0,0,0,0.1,0.1,0.1,0.05,0.03,0.08,0.05,0.08
Aston Villa,Jed Steer,ENG,GK,26,1,1,8,0,0,0,0,0,0,0,0,0,0,0,0,0,0,0,0,0,0,0
Aston Villa,Jonathan Kodjia,CIV,FW,29,6,0,111,0,0,0,0,1,0,0,0,0,0,0,0.1,0.1,0,0.05,0,0.05,0.05,0.05
Aston Villa,Ørjan Nyland,NOR,GK,28,2,0,87,0,0,0,0,0,0,0,0,0,0,0,0,0,0,0,0,0,0,0
Aston Villa,Keinan Davis,ENG,,21,6,0,74,0,0,0,0,0,0,0,0,0,0,0,0.5,0.5,0,0.63,0.05,0.68,0.63,0.68
Aston Villa,James Chester,WAL,DF,30,0,0,,,,,,,,,,,,,,,,,,,,
Bournemouth,Aaron Ramsdale,ENG,GK,21,21,21,1890,0,1,0,0,0,0,0,0.05,0.05,0,0.05,0,0,0,0,0,0,0,0
Bournemouth,Callum Wilson,ENG,FW,27,20,18,1630,5,0,0,0,4,0,0.28,0,0.28,0.28,0.28,5,5,1.3,0.29,0.08,0.37,0.29,0.37
Bournemouth,Philip Billing,DEN,MF,23,19,18,1505,0,1,0,0,7,0,0,0.06,0.06,0,0.06,0.8,0.8,0.5,0.05,0.03,0.08,0.05,0.08
Bournemouth,Steve Cook,ENG,"DF,MF",28,17,17,1530,1,0,0,0,3,0,0.06,0,0.06,0.06,0.06,0.7,0.7,0.3,0.04,0.02,0.06,0.04,0.06
Bournemouth,Diego Rico,ESP,DF,26,17,17,1435,0,2,0,0,6,0,0,0.13,0.13,0,0.13,0.2,0.2,1.8,0.01,0.12,0.13,0.01,0.13
Bournemouth,Jefferson Lerma,COL,MF,24,18,16,1498,0,1,0,0,8,0,0,0.06,0.06,0,0.06,0.4,0.4,0.8,0.03,0.05,0.08,0.03,0.08
Bournemouth,Nathan Aké,NED,"DF,MF",24,16,16,1385,1,1,0,0,1,0,0.06,0.06,0.13,0.06,0.13,1,1,0.6,0.06,0.04,0.1,0.06,0.1
Bournemouth,Joshua King,NOR,FW,27,16,15,1311,3,2,1,1,0,0,0.21,0.14,0.34,0.14,0.27,3.9,3.2,1.9,0.27,0.13,0.4,0.22,0.35
Bournemouth,Ryan Fraser,SCO,MF,25,20,14,1419,1,3,0,0,2,0,0.06,0.19,0.25,0.06,0.25,2,2,2.4,0.13,0.16,0.29,0.13,0.29
Bournemouth,Harry Wilson,WAL,MF,22,17,13,1012,6,0,0,0,1,0,0.53,0,0.53,0.53,0.53,2.1,2.1,1.3,0.19,0.12,0.32,0.19,0.32
Bournemouth,Dominic Solanke,ENG,FW,21,18,10,952,0,0,0,0,1,0,0,0,0,0,0,1.8,1.8,0.7,0.19,0.07,0.26,0.19,0.26
Bournemouth,Chris Mepham,WAL,,21,11,10,900,1,0,0,0,1,0,0.1,0,0.1,0.1,0.1,0.6,0.6,0.1,0.07,0.01,0.08,0.07,0.08
Bournemouth,Adam Smith,ENG,DF,28,10,10,840,0,1,0,0,2,0,0,0.11,0.11,0,0.11,0.5,0.5,0.5,0.05,0.06,0.11,0.05,0.11
Bournemouth,Jack Stacey,ENG,"FW,MF",23,9,9,798,0,1,0,0,2,0,0,0.11,0.11,0,0.11,0.2,0.2,0.5,0.02,0.06,0.07,0.02,0.07
Bournemouth,Lewis Cook,ENG,MF,22,15,9,797,0,0,0,0,3,0,0,0,0,0,0,0.2,0.2,0.7,0.02,0.09,0.11,0.02,0.11
Bournemouth,Dan Gosling,ENG,"DF,MF",29,8,5,464,2,0,0,0,1,0,0.39,0,0.39,0.39,0.39,1.1,1.1,0.1,0.24,0.03,0.27,0.24,0.27
Bournemouth,Simon Francis,ENG,DF,34,9,5,458,0,0,0,0,3,1,0,0,0,0,0,0.1,0.1,0,0.03,0.01,0.04,0.03,0.04
Bournemouth,Arnaut Groeneveld,NED,MF,22,9,4,407,0,0,0,0,0,0,0,0,0,0,0,0.7,0.7,0.1,0.15,0.03,0.18,0.15,0.18
Bournemouth,Charlie Daniels,ENG,DF,32,2,2,127,0,0,0,0,0,0,0,0,0,0,0,0,0,0.1,0,0.05,0.05,0,0.05
Bournemouth,Jack Simpson,ENG,DF,22,3,1,167,0,0,0,0,0,0,0,0,0,0,0,0,0,0,0.01,0,0.01,0.01,0.01
Bournemouth,Junior Stanislas,ENG,MF,29,2,1,107,0,0,0,0,0,0,0,0,0,0,0,0,0,0.1,0.07,0.12,0.19,0.07,0.19
Bournemouth,Andrew Surman,ENG,MF,32,3,0,56,0,0,0,0,0,0,0,0,0,0,0,0,0,0,0,0,0,0,0
Bournemouth,Jordon Ibe,ENG,"FW,MF",23,2,0,48,0,0,0,0,0,0,0,0,0,0,0,0,0,0,0,0,0,0,0
Bournemouth,Artur Boruc,POL,GK,39,0,0,,,,,,,,,,,,,,,,,,,,
Bournemouth,Mihai Dobre,ROU,,20,0,0,,,,,,,,,,,,,,,,,,,,
Bournemouth,Lloyd Kelly,ENG,,20,0,0,,,,,,,,,,,,,,,,,,,,
Bournemouth,Gavin Kilkenny,IRL,MF,19,0,0,,,,,,,,,,,,,,,,,,,,
Bournemouth,Christain Saydee,LBR,FW,17,0,0,,,,,,,,,,,,,,,,,,,,
Brighton & Hove Albion,Mathew Ryan,AUS,GK,27,21,21,1890,0,0,0,0,0,0,0,0,0,0,0,0,0,0,0,0,0,0,0
Brighton & Hove Albion,Dan Burn,ENG,DF,27,21,21,1822,0,0,0,0,3,0,0,0,0,0,0,0.7,0.7,1,0.04,0.05,0.08,0.04,0.08
Brighton & Hove Albion,Lewis Dunk,ENG,DF,27,19,19,1710,2,3,0,0,7,0,0.11,0.16,0.26,0.11,0.26,1.8,1.8,0.5,0.09,0.03,0.12,0.09,0.12
Brighton & Hove Albion,Davy Pröpper,NED,MF,27,18,18,1620,1,1,0,0,3,0,0.06,0.06,0.11,0.06,0.11,1.2,1.2,1.1,0.07,0.06,0.13,0.07,0.13
Brighton & Hove Albion,Dale Stephens,ENG,MF,30,19,18,1601,0,1,0,0,5,0,0,0.06,0.06,0,0.06,0.4,0.4,0.5,0.02,0.03,0.05,0.02,0.05
Brighton & Hove Albion,Neal Maupay,FRA,"FW,MF",22,21,17,1541,7,1,1,1,2,0,0.41,0.06,0.47,0.35,0.41,7.6,6.8,1.5,0.44,0.09,0.53,0.4,0.49
Brighton & Hove Albion,Martín Montoya,ESP,DF,28,18,17,1387,0,1,0,0,3,0,0,0.06,0.06,0,0.06,1.3,1.3,1,0.08,0.07,0.15,0.08,0.15
Brighton & Hove Albion,Adam Webster,ENG,DF,24,16,16,1386,3,0,0,0,2,0,0.19,0,0.19,0.19,0.19,0.8,0.8,0.8,0.05,0.05,0.1,0.05,0.1
Brighton & Hove Albion,Pascal Groß,GER,MF,28,18,15,1244,1,4,0,0,2,0,0.07,0.29,0.36,0.07,0.36,1.2,1.2,4,0.09,0.29,0.38,0.09,0.38
Brighton & Hove Albion,Aaron Mooy,AUS,MF,28,15,13,1056,1,1,0,0,2,1,0.09,0.09,0.17,0.09,0.17,1.1,1.1,1.5,0.09,0.13,0.22,0.09,0.22
Brighton & Hove Albion,Steven Alzate,COL,MF,20,14,10,938,0,0,0,0,1,0,0,0,0,0,0,1.1,1.1,0.6,0.11,0.06,0.16,0.11,0.16
Brighton & Hove Albion,Leandro Trossard,BEL,FW,24,15,10,876,2,3,0,0,0,0,0.21,0.31,0.51,0.21,0.51,1.7,1.7,2.9,0.18,0.29,0.47,0.18,0.47
Brighton & Hove Albion,Shane Duffy,IRL,"DF,MF",27,12,8,801,1,0,0,0,0,0,0.11,0,0.11,0.11,0.11,1.5,1.5,0,0.17,0,0.17,0.17,0.17
Brighton & Hove Albion,Aaron Connolly,IRL,FW,19,14,8,721,2,0,0,0,0,0,0.25,0,0.25,0.25,0.25,2.4,2.4,0.1,0.3,0.01,0.31,0.3,0.31
Brighton & Hove Albion,Solly March,ENG,MF,25,8,6,601,0,1,0,0,1,0,0,0.15,0.15,0,0.15,0.3,0.3,0.5,0.04,0.07,0.12,0.04,0.12
Brighton & Hove Albion,Yves Bissouma,MLI,MF,22,10,5,405,0,0,0,0,1,0,0,0,0,0,0,0.1,0.1,0.1,0.03,0.02,0.05,0.03,0.05
Brighton & Hove Albion,Glenn Murray,ENG,FW,35,13,3,398,0,0,0,0,0,0,0,0,0,0,0,0.6,0.6,0.4,0.15,0.09,0.23,0.15,0.23
Brighton & Hove Albion,Bernardo,BRA,DF,24,5,2,211,0,0,0,0,0,0,0,0,0,0,0,0,0,0.1,0.01,0.06,0.07,0.01,0.07
Brighton & Hove Albion,Alireza Jahanbakhsh,IRN,"FW,MF",25,3,1,128,2,0,0,0,0,0,1.41,0,1.41,1.41,1.41,0.2,0.2,0,0.17,0.02,0.18,0.17,0.18
Brighton & Hove Albion,Ezequiel Schelotto,ITA,"DF,MF",30,4,1,124,0,0,0,0,0,0,0,0,0,0,0,0,0,0,0.02,0,0.02,0.02,0.02
Brighton & Hove Albion,Jürgen Locadia,NED,FW,25,2,1,86,0,0,0,0,0,0,0,0,0,0,0,0.4,0.4,0,0.4,0,0.4,0.4,0.4
Brighton & Hove Albion,Florin Andone,ROU,FW,26,3,1,71,1,0,0,0,0,1,1.27,0,1.27,1.27,1.27,0.2,0.2,0,0.19,0.05,0.24,0.19,0.24
Brighton & Hove Albion,Gaëtan Bong,CMR,DF,31,4,0,56,0,0,0,0,0,0,0,0,0,0,0,0,0,0.1,0,0.21,0.21,0,0.21
Brighton & Hove Albion,Leon Balogun,NGA,DF,31,0,0,,,,,,,,,,,,,,,,,,,,
Brighton & Hove Albion,Tudor Băluță,ROU,DF,20,0,0,,,,,,,,,,,,,,,,,,,,
Brighton & Hove Albion,David Button,ENG,GK,30,0,0,,,,,,,,,,,,,,,,,,,,
Burnley,Ben Mee,ENG,DF,29,21,21,1890,0,0,0,0,3,0,0,0,0,0,0,0.5,0.5,0.1,0.02,0.01,0.03,0.02,0.03
Burnley,Nick Pope,ENG,GK,27,21,21,1890,0,0,0,0,0,0,0,0,0,0,0,0,0,0.6,0,0.03,0.03,0,0.03
Burnley,James Tarkowski,ENG,DF,26,21,21,1890,1,1,0,0,5,0,0.05,0.05,0.1,0.05,0.1,1.5,1.5,0.9,0.07,0.04,0.11,0.07,0.11
Burnley,Dwight McNeil,ENG,MF,19,21,21,1815,1,4,0,0,3,0,0.05,0.2,0.25,0.05,0.25,1,1,3.2,0.05,0.16,0.21,0.05,0.21
Burnley,Jack Cork,ENG,"DF,MF",30,19,19,1648,0,0,0,0,0,0,0,0,0,0,0,1.4,1.4,0.6,0.07,0.03,0.11,0.07,0.11
Burnley,Chris Wood,NZL,FW,27,19,19,1565,8,0,0,0,1,0,0.46,0,0.46,0.46,0.46,6.9,6.9,0.5,0.39,0.03,0.42,0.39,0.42
Burnley,Ashley Westwood,ENG,MF,29,18,18,1620,0,5,0,0,6,0,0,0.28,0.28,0,0.28,0.8,0.8,2.5,0.04,0.14,0.18,0.04,0.18
Burnley,Ashley Barnes,AUT,FW,29,19,17,1361,6,0,1,1,4,0,0.4,0,0.4,0.33,0.33,5.4,4.6,0.5,0.35,0.03,0.39,0.3,0.34
Burnley,Erik Pieters,NED,DF,30,15,14,1234,0,3,0,0,1,0,0,0.22,0.22,0,0.22,0.2,0.2,1,0.01,0.07,0.09,0.01,0.09
Burnley,Jeff Hendrick,IRL,MF,27,16,14,1233,2,1,0,0,5,0,0.15,0.07,0.22,0.15,0.22,1,1,0.5,0.07,0.04,0.11,0.07,0.11
Burnley,Matthew Lowton,ENG,DF,30,12,12,1080,0,1,0,0,2,0,0,0.08,0.08,0,0.08,0,0,1.1,0,0.09,0.09,0,0.09
Burnley,Phil Bardsley,SCO,DF,34,9,9,810,0,0,0,0,2,0,0,0,0,0,0,0.1,0.1,0.3,0.01,0.04,0.05,0.01,0.05
Burnley,Charlie Taylor,ENG,DF,25,9,7,656,0,0,0,0,1,0,0,0,0,0,0,0,0,0.4,0,0.06,0.07,0,0.07
Burnley,Jay Rodriguez,ENG,FW,30,21,5,771,3,0,0,0,1,0,0.35,0,0.35,0.35,0.35,2.5,2.5,0.4,0.29,0.05,0.34,0.29,0.34
Burnley,Robbie Brady,IRL,"FW,MF",27,13,5,396,1,2,0,0,1,0,0.23,0.45,0.68,0.23,0.68,0.9,0.9,0.2,0.21,0.05,0.26,0.21,0.26
Burnley,Jóhann Berg Guðmundsson,ISL,"FW,MF",28,7,4,401,1,0,0,0,0,0,0.22,0,0.22,0.22,0.22,0.6,0.6,0.5,0.14,0.11,0.24,0.14,0.24
Burnley,Aaron Lennon,ENG,"FW,MF",32,12,3,386,0,0,0,0,2,0,0,0,0,0,0,0,0,0.1,0.01,0.02,0.03,0.01,0.03
Burnley,Danny Drinkwater,ENG,MF,29,1,1,59,0,0,0,0,0,0,0,0,0,0,0,0,0,0,0,0,0,0,0
Burnley,Matěj Vydra,CZE,FW,27,5,0,83,0,1,0,0,0,0,0,1.08,1.08,0,1.08,0.2,0.2,0,0.17,0.05,0.22,0.17,0.22
Burnley,Kevin Long,IRL,DF,28,1,0,2,0,0,0,0,0,0,0,0,0,0,0,0,0,0,0,0,0,0,0
Burnley,Anthony Driscoll-Glennon,ENG,DF,19,0,0,,,,,,,,,,,,,,,,,,,,
Burnley,Ben Gibson,ENG,DF,26,0,0,,,,,,,,,,,,,,,,,,,,
Burnley,Mace Goodridge,ENG,MF,19,0,0,,,,,,,,,,,,,,,,,,,,
Burnley,Joe Hart,ENG,GK,32,0,0,,,,,,,,,,,,,,,,,,,,
Chelsea,Kepa Arrizabalaga,ESP,GK,24,21,21,1890,0,0,0,0,0,0,0,0,0,0,0,0,0,0,0,0,0,0,0
Chelsea,Mason Mount,ENG,MF,20,21,19,1715,5,2,0,0,3,0,0.26,0.1,0.37,0.26,0.37,4.7,4.7,1.8,0.25,0.1,0.34,0.25,0.34
Chelsea,César Azpilicueta,ESP,DF,29,19,19,1700,1,2,0,0,0,0,0.05,0.11,0.16,0.05,0.16,1.4,1.4,2.6,0.07,0.14,0.21,0.07,0.21
Chelsea,Tammy Abraham,ENG,FW,21,20,19,1583,12,3,0,0,2,0,0.68,0.17,0.85,0.68,0.85,9.4,9.4,2.2,0.53,0.12,0.66,0.53,0.66
Chelsea,Kurt Zouma,FRA,DF,24,20,18,1668,0,0,0,0,3,0,0,0,0,0,0,0.6,0.6,0.2,0.03,0.01,0.05,0.03,0.05
Chelsea,Willian,BRA,MF,30,20,16,1454,4,4,1,1,2,0,0.25,0.25,0.5,0.19,0.43,2.7,2,3.7,0.17,0.23,0.4,0.12,0.35
Chelsea,Jorginho,ITA,MF,27,19,16,1427,2,2,1,1,8,0,0.13,0.13,0.25,0.06,0.19,1.9,1.2,1.7,0.12,0.11,0.23,0.07,0.18
Chelsea,Mateo Kovačić,CRO,MF,25,20,14,1331,1,3,0,0,6,0,0.07,0.2,0.27,0.07,0.27,0.6,0.6,1.5,0.04,0.1,0.14,0.04,0.14
Chelsea,Fikayo Tomori,ENG,DF,21,14,14,1229,1,0,0,0,3,0,0.07,0,0.07,0.07,0.07,0.6,0.6,0.2,0.04,0.01,0.05,0.04,0.05
Chelsea,N'Golo Kanté,FRA,MF,28,14,12,1124,3,0,0,0,3,0,0.24,0,0.24,0.24,0.24,1.3,1.3,1.8,0.1,0.14,0.25,0.1,0.25
Chelsea,Christian Pulisic,USA,MF,20,16,12,1076,5,2,0,0,0,0,0.42,0.17,0.59,0.42,0.59,5.1,5.1,2,0.43,0.17,0.6,0.43,0.6
Chelsea,Emerson Palmieri,ITA,DF,24,12,12,918,0,0,0,0,1,0,0,0,0,0,0,0.8,0.8,1.2,0.08,0.11,0.19,0.08,0.19
Chelsea,Andreas Christensen,DEN,DF,23,8,8,672,0,0,0,0,2,0,0,0,0,0,0,0.2,0.2,0.4,0.03,0.06,0.08,0.03,0.08
Chelsea,Marcos Alonso,ESP,DF,28,8,6,588,1,2,0,0,3,0,0.15,0.31,0.46,0.15,0.46,0.4,0.4,0.8,0.06,0.12,0.19,0.06,0.19
Chelsea,Antonio Rüdiger,GER,DF,26,6,6,495,0,0,0,0,2,0,0,0,0,0,0,0.1,0.1,0,0.01,0.01,0.02,0.01,0.02
Chelsea,Reece James,ENG,,19,10,5,510,0,1,0,0,1,0,0,0.18,0.18,0,0.18,0.3,0.3,1.1,0.05,0.19,0.24,0.05,0.24
Chelsea,Ross Barkley,ENG,MF,25,6,5,339,0,0,0,0,0,0,0,0,0,0,0,1,1,1,0.26,0.27,0.53,0.26,0.53
Chelsea,Pedro,ESP,"FW,MF",32,5,4,312,0,0,0,0,0,0,0,0,0,0,0,1.2,1.2,0.5,0.33,0.14,0.47,0.33,0.47
Chelsea,Callum Hudson-Odoi,ENG,MF,18,13,3,410,0,3,0,0,1,0,0,0.66,0.66,0,0.66,1.2,1.2,1,0.26,0.23,0.49,0.26,0.49
Chelsea,Olivier Giroud,FRA,FW,32,5,2,191,0,0,0,0,0,0,0,0,0,0,0,0.6,0.6,0.5,0.28,0.25,0.53,0.28,0.53
Chelsea,Michy Batshuayi,BEL,FW,25,12,0,118,1,1,0,0,0,0,0.76,0.76,1.53,0.76,1.53,1.6,1.6,0.2,1.25,0.12,1.38,1.25,1.38
Chelsea,Tariq Lamptey,ENG,MF,18,1,0,31,0,0,0,0,0,0,0,0,0,0,0,0,0,0.1,0,0.39,0.39,0,0.39
Chelsea,Billy Gilmour,SCO,MF,18,2,0,9,0,0,0,0,0,0,0,0,0,0,0,0,0,0.1,0,0.57,0.57,0,0.57
Chelsea,Willy Caballero,ARG,GK,37,0,0,,,,,,,,,,,,,,,,,,,,
Chelsea,Marc Guéhi,ENG,,19,0,0,,,,,,,,,,,,,,,,,,,,
Chelsea,Kenedy,BRA,"FW,MF",23,0,0,,,,,,,,,,,,,,,,,,,,
Crystal Palace,Wilfried Zaha,CIV,"FW,MF",26,21,20,1825,3,2,0,0,3,0,0.15,0.1,0.25,0.15,0.25,2.4,2.4,1.5,0.12,0.07,0.19,0.12,0.19
Crystal Palace,Luka Milivojević,SRB,MF,28,20,20,1786,2,1,2,2,8,0,0.1,0.05,0.15,0,0.05,2.1,0.6,1.9,0.1,0.1,0.2,0.03,0.12
Crystal Palace,James McArthur,SCO,MF,31,20,20,1738,0,2,0,0,3,0,0,0.1,0.1,0,0.1,1.9,1.9,1.2,0.1,0.06,0.16,0.1,0.16
Crystal Palace,Jordan Ayew,GHA,FW,27,20,20,1673,5,1,0,0,3,0,0.27,0.05,0.32,0.27,0.32,4.6,4.6,1.4,0.25,0.08,0.32,0.25,0.32
Crystal Palace,Vicente Guaita,ESP,GK,32,19,19,1710,0,0,0,0,1,0,0,0,0,0,0,0,0,0,0,0,0,0,0
Crystal Palace,Cheikhou Kouyaté,SEN,"DF,MF",29,19,17,1466,1,0,0,0,1,0,0.06,0,0.06,0.06,0.06,1.3,1.3,0.5,0.08,0.03,0.12,0.08,0.12
Crystal Palace,Patrick van Aanholt,NED,DF,28,17,17,1444,2,0,1,1,0,0,0.12,0,0.12,0.06,0.06,1.5,0.8,0.9,0.09,0.06,0.15,0.05,0.1
Crystal Palace,Martin Kelly,ENG,"DF,MF",29,16,14,1308,0,1,0,0,0,0,0,0.07,0.07,0,0.07,0.1,0.1,0.9,0.01,0.06,0.07,0.01,0.07
Crystal Palace,James Tomkins,ENG,"DF,MF",30,13,13,1163,1,1,0,0,2,0,0.08,0.08,0.15,0.08,0.15,0.6,0.6,0.1,0.05,0.01,0.05,0.05,0.05
Crystal Palace,Joel Ward,ENG,"DF,MF",29,13,13,1104,0,0,0,0,2,0,0,0,0,0,0,0.1,0.1,0.1,0.01,0.01,0.02,0.01,0.02
Crystal Palace,Gary Cahill,ENG,DF,33,12,12,1080,0,0,0,0,1,0,0,0,0,0,0,0.6,0.6,0,0.05,0,0.05,0.05,0.05
Crystal Palace,Jeffrey Schlupp,GHA,"DF,FW",26,14,9,859,2,1,0,0,2,0,0.21,0.1,0.31,0.21,0.31,1.5,1.5,1.1,0.16,0.12,0.28,0.16,0.28
Crystal Palace,Andros Townsend,ENG,"FW,MF",28,14,9,782,1,1,0,0,0,0,0.12,0.12,0.23,0.12,0.23,0.2,0.2,1.2,0.02,0.14,0.16,0.02,0.16
Crystal Palace,Mamadou Sakho,FRA,DF,29,8,6,465,0,0,0,0,0,1,0,0,0,0,0,0,0,0.1,0,0.01,0.01,0,0.01
Crystal Palace,Max Meyer,GER,"FW,MF",23,9,5,417,0,0,0,0,1,0,0,0,0,0,0,0.6,0.6,0.6,0.13,0.13,0.26,0.13,0.26
Crystal Palace,James McCarthy,IRL,MF,28,16,4,529,0,0,0,0,3,0,0,0,0,0,0,0.3,0.3,0.3,0.04,0.05,0.09,0.04,0.09
Crystal Palace,Christian Benteke,BEL,FW,28,15,4,486,0,0,0,0,2,0,0,0,0,0,0,1.3,1.3,1.2,0.24,0.21,0.45,0.24,0.45
Crystal Palace,Scott Dann,ENG,DF,32,5,4,336,0,1,0,0,0,0,0,0.27,0.27,0,0.27,0.1,0.1,0.1,0.03,0.02,0.05,0.03,0.05
Crystal Palace,Jaïro Riedewald,NED,DF,22,5,3,295,0,0,0,0,0,0,0,0,0,0,0,0,0,0.3,0.01,0.09,0.1,0.01,0.1
Crystal Palace,Wayne Hennessey,WAL,GK,32,2,2,180,0,0,0,0,0,0,0,0,0,0,0,0,0,0,0,0,0,0,0
Crystal Palace,Connor Wickham,ENG,"FW,MF",26,4,0,60,1,1,0,0,0,0,1.5,1.5,3,1.5,3,1.3,1.3,0.5,1.94,0.71,2.65,1.94,2.65
Crystal Palace,Brandon Pierrick,ENG,MF,17,1,0,7,0,0,0,0,0,0,0,0,0,0,0,0,0,0.1,0,1.02,1.02,0,1.02
Crystal Palace,Víctor Camarasa,ESP,MF,25,1,0,5,0,0,0,0,0,0,0,0,0,0,0,0,0,0,0,0,0,0,0
Crystal Palace,James Daly,ENG,FW,19,0,0,,,,,,,,,,,,,,,,,,,,
Crystal Palace,Stephen Henderson,IRL,GK,31,0,0,,,,,,,,,,,,,,,,,,,,
Crystal Palace,Nya Kirby,ENG,,19,0,0,,,,,,,,,,,,,,,,,,,,
Crystal Palace,Tyrick Mitchell,ENG,DF,19,0,0,,,,,,,,,,,,,,,,,,,,
Crystal Palace,Sam Woods,ENG,DF,20,0,0,,,,,,,,,,,,,,,,,,,,
Everton,Jordan Pickford,ENG,GK,25,21,21,1890,0,0,0,0,0,0,0,0,0,0,0,0,0,0,0,0,0,0,0
Everton,Richarlison,BRA,FW,22,21,21,1818,7,3,0,0,4,0,0.35,0.15,0.5,0.35,0.5,4.8,4.8,2.8,0.24,0.14,0.37,0.24,0.37
Everton,Lucas Digne,FRA,DF,26,20,20,1710,0,3,0,0,2,0,0,0.16,0.16,0,0.16,0.8,0.8,3,0.04,0.16,0.2,0.04,0.2
Everton,Yerry Mina,COL,DF,24,19,18,1630,0,0,0,0,2,0,0,0,0,0,0,1.4,1.4,0.2,0.08,0.01,0.09,0.08,0.09
Everton,Gylfi Sigurðsson,ISL,MF,29,20,17,1485,1,1,0,0,2,0,0.06,0.06,0.12,0.06,0.12,2,2,3.2,0.12,0.2,0.31,0.12,0.31
Everton,Michael Keane,ENG,DF,26,17,15,1369,1,0,0,0,0,0,0.07,0,0.07,0.07,0.07,1.2,1.2,0.2,0.08,0.01,0.09,0.08,0.09
Everton,Dominic Calvert-Lewin,ENG,MF,22,19,14,1223,8,0,0,0,4,0,0.59,0,0.59,0.59,0.59,6.7,6.7,0.6,0.5,0.04,0.54,0.5,0.54
Everton,Mason Holgate,ENG,DF,22,14,12,1097,0,2,0,0,2,0,0,0.16,0.16,0,0.16,1.6,1.6,0.1,0.13,0.01,0.14,0.13,0.14
Everton,Djibril Sidibé,FRA,"DF,MF",27,13,12,1032,0,4,0,0,2,0,0,0.35,0.35,0,0.35,0.2,0.2,1.5,0.02,0.13,0.15,0.02,0.15
Everton,Alex Iwobi,NGA,FW,23,16,11,1045,1,0,0,0,0,0,0.09,0,0.09,0.09,0.09,2,2,1.8,0.17,0.15,0.33,0.17,0.33
Everton,Tom Davies,ENG,MF,21,15,11,1008,1,0,0,0,6,0,0.09,0,0.09,0.09,0.09,1.4,1.4,0.1,0.13,0.01,0.14,0.13,0.14
Everton,Séamus Coleman,IRL,"DF,MF",30,13,11,949,0,1,0,0,5,1,0,0.09,0.09,0,0.09,0.6,0.6,0.5,0.05,0.05,0.1,0.05,0.1
Everton,Fabian Delph,ENG,MF,29,11,9,839,0,0,0,0,3,0,0,0,0,0,0,0,0,0.2,0,0.02,0.03,0,0.03
Everton,Morgan Schneiderlin,FRA,MF,29,11,9,741,0,0,0,0,5,1,0,0,0,0,0,0.2,0.2,0.1,0.03,0.01,0.04,0.03,0.04
Everton,Bernard,BRA,"FW,MF",26,12,8,656,2,1,0,0,2,0,0.27,0.14,0.41,0.27,0.41,0.3,0.3,0.6,0.04,0.08,0.12,0.04,0.12
Everton,Theo Walcott,ENG,"FW,MF",30,14,8,627,0,1,0,0,1,0,0,0.14,0.14,0,0.14,1.3,1.3,0.7,0.18,0.1,0.29,0.18,0.29
Everton,André Gomes,POR,MF,26,8,7,585,0,0,0,0,3,0,0,0,0,0,0,0.2,0.2,0.4,0.03,0.06,0.09,0.03,0.09
Everton,Moise Kean,ITA,FW,19,16,3,457,0,1,0,0,0,0,0,0.2,0.2,0,0.2,2.3,2.3,0.5,0.45,0.1,0.55,0.45,0.55
Everton,Cenk Tosun,TUR,FW,28,5,2,290,1,0,0,0,0,0,0.31,0,0.31,0.31,0.31,0.8,0.8,0.1,0.24,0.04,0.28,0.24,0.28
Everton,Leighton Baines,ENG,DF,34,3,1,153,0,0,0,0,0,0,0,0,0,0,0,0.1,0.1,0.1,0.03,0.08,0.11,0.03,0.11
Everton,Jean-Philippe Gbamin,CIV,DF,23,2,1,135,0,0,0,0,0,0,0,0,0,0,0,0,0,0,0,0,0,0,0
Everton,Oumar Niasse,SEN,"FW,MF",29,1,0,1,0,0,0,0,0,0,0,0,0,0,0,0,0,0,0,0,0,0,0
Everton,Beni Baningime,COD,MF,20,0,0,,,,,,,,,,,,,,,,,,,,
Everton,Anthony Gordon,ENG,,18,0,0,,,,,,,,,,,,,,,,,,,,
Everton,Jonas Lössl,DEN,GK,30,0,0,,,,,,,,,,,,,,,,,,,,
Everton,Cuco Martina,CUW,"DF,MF",29,0,0,,,,,,,,,,,,,,,,,,,,
Everton,Maarten Stekelenburg,NED,GK,36,0,0,,,,,,,,,,,,,,,,,,,,
Leicester City,Kasper Schmeichel,DEN,GK,32,21,21,1890,0,0,0,0,0,0,0,0,0,0,0,0,0,0.2,0,0.01,0.01,0,0.01
Leicester City,Jonny Evans,NIR,DF,31,21,21,1856,1,1,0,0,3,0,0.05,0.05,0.1,0.05,0.1,1.5,1.5,0.2,0.07,0.01,0.08,0.07,0.08
Leicester City,Ricardo Pereira,POR,"DF,FW",25,20,20,1800,2,1,0,0,1,0,0.1,0.05,0.15,0.1,0.15,0.6,0.6,1.7,0.03,0.09,0.12,0.03,0.12
Leicester City,Çağlar Söyüncü,TUR,DF,23,20,20,1800,1,1,0,0,4,0,0.05,0.05,0.1,0.05,0.1,1.8,1.8,0.2,0.09,0.01,0.1,0.09,0.1
Leicester City,Youri Tielemans,BEL,MF,22,20,20,1759,3,3,0,0,1,0,0.15,0.15,0.31,0.15,0.31,2,2,3,0.1,0.16,0.26,0.1,0.26
Leicester City,Wilfred Ndidi,NGA,DF,22,20,19,1730,2,1,0,0,3,0,0.1,0.05,0.16,0.1,0.16,1.2,1.2,0.4,0.06,0.02,0.08,0.06,0.08
Leicester City,Jamie Vardy,ENG,FW,32,19,19,1710,17,3,3,3,2,0,0.89,0.16,1.05,0.74,0.89,11.1,8.8,2.7,0.58,0.14,0.73,0.46,0.61
Leicester City,James Maddison,ENG,MF,22,20,19,1684,6,3,0,0,2,0,0.32,0.16,0.48,0.32,0.48,3.8,3.8,4.9,0.2,0.26,0.46,0.2,0.46
Leicester City,Ben Chilwell,ENG,DF,22,17,17,1520,1,3,0,0,1,0,0.06,0.18,0.24,0.06,0.24,0.4,0.4,2.5,0.03,0.15,0.18,0.03,0.18
Leicester City,Ayoze Pérez,ESP,FW,26,18,15,1127,5,4,0,0,0,0,0.4,0.32,0.72,0.4,0.72,3.5,3.5,2.2,0.28,0.17,0.45,0.28,0.45
Leicester City,Harvey Barnes,ENG,MF,21,19,13,1083,1,5,0,0,0,0,0.08,0.42,0.5,0.08,0.5,4,4,1.6,0.34,0.13,0.47,0.34,0.47
Leicester City,Dennis Praet,BEL,MF,25,14,6,560,0,1,0,0,0,0,0,0.16,0.16,0,0.16,0.5,0.5,0.6,0.08,0.1,0.18,0.08,0.18
Leicester City,Hamza Choudhury,ENG,MF,21,12,5,459,1,1,0,0,2,0,0.2,0.2,0.39,0.2,0.39,0.3,0.3,0.1,0.06,0.01,0.07,0.06,0.07
Leicester City,Christian Fuchs,AUT,"DF,MF",33,6,5,454,0,0,0,0,0,0,0,0,0,0,0,0.1,0.1,0.1,0.03,0.01,0.04,0.03,0.04
Leicester City,Kelechi Iheanacho,NGA,FW,22,5,4,284,3,2,0,0,1,0,0.95,0.63,1.58,0.95,1.58,1.5,1.5,1.7,0.47,0.54,1,0.47,1
Leicester City,Demarai Gray,ENG,MF,23,13,2,388,1,1,0,1,1,0,0.23,0.23,0.46,0.23,0.46,1.8,1.1,0.7,0.43,0.16,0.59,0.25,0.41
Leicester City,Marc Albrighton,ENG,MF,29,11,2,353,0,1,0,0,1,0,0,0.25,0.25,0,0.25,0.2,0.2,0.9,0.06,0.22,0.27,0.06,0.27
Leicester City,Wes Morgan,JAM,DF,35,6,1,152,0,0,0,0,0,0,0,0,0,0,0,0,0,0,0.03,0,0.03,0.03,0.03
Leicester City,James Justin,ENG,MF,21,3,1,110,0,1,0,0,0,0,0,0.82,0.82,0,0.82,0,0,0.3,0,0.21,0.21,0,0.21
Leicester City,Nampalys Mendy,FRA,MF,27,2,1,71,0,0,0,0,0,0,0,0,0,0,0,0,0,0.1,0,0.07,0.07,0,0.07
Leicester City,Danny Ward,WAL,GK,26,0,0,,,,,,,,,,,,,,,,,,,,
Liverpool,Virgil van Dijk,NED,DF,28,20,20,1800,3,0,0,0,1,0,0.15,0,0.15,0.15,0.15,0.9,0.9,0.5,0.04,0.02,0.07,0.04,0.07
Liverpool,Trent Alexander-Arnold,ENG,"DF,MF",20,20,19,1753,2,8,0,0,4,0,0.1,0.41,0.51,0.1,0.51,1.6,1.6,6.3,0.08,0.34,0.42,0.08,0.42
Liverpool,Andrew Robertson,SCO,DF,25,20,19,1725,1,6,0,0,0,0,0.05,0.31,0.37,0.05,0.37,0.9,0.9,3.7,0.05,0.2,0.25,0.05,0.25
Liverpool,Georginio Wijnaldum,NED,MF,28,19,19,1590,2,0,0,0,0,0,0.11,0,0.11,0.11,0.11,1.2,1.2,0.4,0.07,0.02,0.1,0.07,0.1
Liverpool,Roberto Firmino,BRA,"FW,MF",27,20,18,1630,6,4,0,0,0,0,0.33,0.22,0.55,0.33,0.55,6.4,6.4,3.2,0.37,0.19,0.56,0.37,0.56
Liverpool,Sadio Mané,SEN,"FW,MF",27,19,18,1587,11,6,0,0,1,0,0.62,0.34,0.96,0.62,0.96,7.8,7.8,4.4,0.46,0.26,0.73,0.46,0.73
Liverpool,Mohamed Salah,EGY,"FW,MF",27,17,17,1445,10,4,2,2,0,0,0.62,0.25,0.87,0.5,0.75,9.1,7.6,2.1,0.6,0.14,0.74,0.5,0.64
Liverpool,Jordan Henderson,ENG,MF,29,19,16,1353,1,2,0,0,1,0,0.07,0.13,0.2,0.07,0.2,0.5,0.5,1.4,0.04,0.1,0.13,0.04,0.13
Liverpool,Alisson,BRA,GK,26,12,12,1014,0,0,0,0,0,1,0,0,0,0,0,0,0,0,0,0,0,0,0
Liverpool,Fabinho,BRA,DF,25,12,11,1006,1,1,0,0,5,0,0.09,0.09,0.18,0.09,0.18,0.1,0.1,0.9,0.01,0.08,0.1,0.01,0.1
Liverpool,Adrián,ESP,GK,32,10,8,783,0,0,0,0,1,0,0,0,0,0,0,0,0,0,0,0,0,0,0
Liverpool,Dejan Lovren,CRO,DF,30,8,8,670,0,1,0,0,1,0,0,0.13,0.13,0,0.13,0.3,0.3,0.4,0.05,0.05,0.1,0.05,0.1
Liverpool,Joël Matip,CMR,"DF,MF",27,7,7,630,1,0,0,0,0,0,0.14,0,0.14,0.14,0.14,0.2,0.2,0,0.03,0,0.03,0.03,0.03
Liverpool,James Milner,ENG,MF,33,16,6,663,2,2,2,2,3,0,0.27,0.27,0.54,0,0.27,1.9,0.4,0.6,0.3,0.09,0.39,0.06,0.15
Liverpool,Joe Gomez,ENG,DF,22,11,6,556,0,0,0,0,2,0,0,0,0,0,0,0,0,0.1,0,0.03,0.03,0,0.03
Liverpool,Alex Oxlade-Chamberlain,ENG,MF,25,12,5,511,1,0,0,0,0,0,0.18,0,0.18,0.18,0.18,1.3,1.3,0.4,0.22,0.06,0.29,0.22,0.29
Liverpool,Divock Origi,BEL,"FW,MF",24,16,4,401,3,1,0,0,0,0,0.67,0.22,0.9,0.67,0.9,1.9,1.9,0.1,0.43,0.02,0.45,0.43,0.45
Liverpool,Adam Lallana,ENG,"FW,MF",31,10,3,283,1,1,0,0,1,0,0.32,0.32,0.64,0.32,0.64,1,1,0.4,0.32,0.11,0.43,0.32,0.43
Liverpool,Naby Keïta,GUI,MF,24,5,2,197,1,1,0,0,0,0,0.46,0.46,0.91,0.46,0.91,0.6,0.6,0.7,0.28,0.34,0.62,0.28,0.62
Liverpool,Xherdan Shaqiri,SUI,MF,27,5,2,174,1,0,0,0,0,0,0.52,0,0.52,0.52,0.52,0.5,0.5,0.1,0.24,0.03,0.27,0.24,0.27
Liverpool,Curtis Jones,ENG,MF,18,1,0,14,0,0,0,0,0,0,0,0,0,0,0,0,0,0,0.31,0,0.31,0.31,0.31
Liverpool,Harvey Elliot,ENG,FW,,1,0,,0,0,0,0,0,0,,,,,,,,,,,,,
Liverpool,Rhian Brewster,ENG,FW,19,0,0,,,,,,,,,,,,,,,,,,,,
Liverpool,Caoimhin Kelleher,IRL,GK,20,0,0,,,,,,,,,,,,,,,,,,,,
Liverpool,Andy Lonergan,IRL,GK,35,0,0,,,,,,,,,,,,,,,,,,,,
Liverpool,Nathaniel Phillips,ENG,DF,22,0,0,,,,,,,,,,,,,,,,,,,,
Liverpool,Neco Williams,WAL,DF,18,0,0,,,,,,,,,,,,,,,,,,,,
Manchester City,Raheem Sterling,ENG,"FW,MF",24,20,19,1671,11,1,0,1,4,0,0.59,0.05,0.65,0.59,0.65,9.6,8.7,4.9,0.52,0.26,0.78,0.47,0.73
Manchester City,Kevin De Bruyne,BEL,MF,28,20,19,1654,7,12,0,0,2,0,0.38,0.65,1.03,0.38,1.03,4.1,4.1,10.3,0.22,0.56,0.78,0.22,0.78
Manchester City,Ederson,BRA,GK,25,18,18,1541,0,0,0,0,3,1,0,0,0,0,0,0,0,0,0,0,0,0,0
Manchester City,Kyle Walker,ENG,DF,29,17,17,1449,1,2,0,0,3,0,0.06,0.12,0.19,0.06,0.19,0.8,0.8,1.2,0.05,0.08,0.12,0.05,0.12
Manchester City,Fernandinho,BRA,MF,34,17,16,1484,0,0,0,0,5,1,0,0,0,0,0,0.6,0.6,0.1,0.04,0.01,0.04,0.04,0.04
Manchester City,Rodri,ESP,MF,23,19,16,1435,2,1,0,0,4,0,0.13,0.06,0.19,0.13,0.19,0.4,0.4,0.8,0.03,0.05,0.08,0.03,0.08
Manchester City,İlkay Gündoğan,GER,MF,28,19,13,1199,2,1,1,1,7,0,0.15,0.08,0.23,0.08,0.15,2.6,1.9,2,0.2,0.15,0.35,0.14,0.3
Manchester City,Bernardo Silva,POR,"FW,MF",24,18,13,1180,5,4,0,0,5,0,0.38,0.31,0.69,0.38,0.69,4,4,2.8,0.31,0.22,0.52,0.31,0.52
Manchester City,David Silva,ESP,MF,33,16,13,1024,3,6,0,0,0,0,0.26,0.53,0.79,0.26,0.79,3.3,3.3,2.6,0.29,0.23,0.53,0.29,0.53
Manchester City,Riyad Mahrez,ALG,"FW,MF",28,17,11,995,5,6,0,0,0,0,0.45,0.54,0.99,0.45,0.99,3.2,3.2,4.8,0.29,0.44,0.72,0.29,0.72
Manchester City,Nicolás Otamendi,ARG,DF,31,13,11,994,2,0,0,0,3,0,0.18,0,0.18,0.18,0.18,2.2,2.2,0,0.2,0,0.2,0.2,0.2
Manchester City,Sergio Agüero,ARG,FW,31,15,11,908,10,2,2,2,0,0,0.99,0.2,1.19,0.79,0.99,8.1,6.6,2.1,0.81,0.21,1.02,0.66,0.87
Manchester City,Gabriel Jesus,BRA,FW,22,17,10,1000,8,2,0,0,1,0,0.72,0.18,0.9,0.72,0.9,9.6,9.6,0.8,0.87,0.08,0.94,0.87,0.94
Manchester City,Benjamin Mendy,FRA,DF,25,9,9,743,0,2,0,0,1,0,0,0.24,0.24,0,0.24,0.1,0.1,0.6,0.01,0.07,0.08,0.01,0.08
Manchester City,John Stones,ENG,DF,25,9,8,700,0,0,0,0,0,0,0,0,0,0,0,0.6,0.6,0.1,0.08,0.01,0.08,0.08,0.08
Manchester City,Oleksandr Zinchenko,UKR,MF,22,9,7,680,0,0,0,0,0,0,0,0,0,0,0,0.3,0.3,0.7,0.04,0.09,0.13,0.04,0.13
Manchester City,João Cancelo,POR,DF,25,7,5,486,0,0,0,0,1,0,0,0,0,0,0,0.2,0.2,0.8,0.03,0.15,0.18,0.03,0.18
Manchester City,Angeliño,ESP,DF,22,6,4,422,0,0,0,0,1,0,0,0,0,0,0,0.2,0.2,1.2,0.05,0.25,0.3,0.05,0.3
Manchester City,Aymeric Laporte,FRA,DF,25,4,4,307,0,0,0,0,1,0,0,0,0,0,0,0.1,0.1,0.1,0.03,0.02,0.05,0.03,0.05
Manchester City,Claudio Bravo,CHI,GK,36,4,3,346,0,0,0,0,0,0,0,0,0,0,0,0,0,0,0,0,0,0,0
Manchester City,Eric García,ESP,DF,18,5,2,257,0,0,0,0,0,0,0,0,0,0,0,0,0,0,0,0,0,0,0
Manchester City,Phil Foden,ENG,MF,19,11,2,232,0,1,0,0,0,0,0,0.39,0.39,0,0.39,0.3,0.3,0.4,0.11,0.16,0.28,0.11,0.28
Manchester City,Scott Carson,ENG,GK,33,0,0,,,,,,,,,,,,,,,,,,,,
Manchester United,David de Gea,ESP,GK,28,21,21,1890,0,0,0,0,1,0,0,0,0,0,0,0,0,0,0,0,0,0,0
Manchester United,Harry Maguire,ENG,DF,26,21,21,1890,0,0,0,0,2,0,0,0,0,0,0,1.5,1.5,0.5,0.07,0.02,0.09,0.07,0.09
Manchester United,Marcus Rashford,ENG,FW,21,21,21,1823,12,4,4,6,2,0,0.59,0.2,0.79,0.39,0.59,12.5,7.9,2.7,0.62,0.13,0.75,0.39,0.52
Manchester United,Victor Lindelöf,SWE,DF,25,20,20,1800,1,0,0,0,3,0,0.05,0,0.05,0.05,0.05,0.3,0.3,0.4,0.01,0.02,0.03,0.01,0.03
Manchester United,Daniel James,WAL,MF,21,20,19,1637,3,6,0,0,3,0,0.16,0.33,0.49,0.16,0.49,2.4,2.4,3.8,0.13,0.21,0.34,0.13,0.34
Manchester United,Aaron Wan-Bissaka,ENG,DF,21,18,18,1611,0,1,0,0,4,0,0,0.06,0.06,0,0.06,0.2,0.2,0.7,0.01,0.04,0.05,0.01,0.05
Manchester United,Scott McTominay,SCO,MF,22,17,17,1454,2,1,0,0,2,0,0.12,0.06,0.19,0.12,0.19,1.4,1.4,0.7,0.08,0.04,0.12,0.08,0.12
Manchester United,Fred,BRA,"FW,MF",26,17,14,1318,0,0,0,0,4,0,0,0,0,0,0,1.1,1.1,1.9,0.08,0.13,0.21,0.08,0.21
Manchester United,Anthony Martial,FRA,FW,23,15,14,1198,7,3,0,1,1,0,0.53,0.23,0.75,0.53,0.75,5.3,4.6,1.8,0.4,0.14,0.54,0.34,0.48
Manchester United,Andreas Pereira,BRA,MF,23,18,14,1181,1,3,0,0,3,0,0.08,0.23,0.3,0.08,0.3,1.2,1.2,2.9,0.09,0.22,0.31,0.09,0.31
Manchester United,Ashley Young,ENG,"DF,FW",34,12,10,954,0,0,0,0,5,0,0,0,0,0,0,0.1,0.1,1.2,0.01,0.11,0.12,0.01,0.12
Manchester United,Jesse Lingard,ENG,"FW,MF",26,18,9,868,0,0,0,0,3,0,0,0,0,0,0,1.7,1.7,0.9,0.17,0.09,0.26,0.17,0.26
Manchester United,Luke Shaw,ENG,"DF,MF",24,11,8,677,0,0,0,0,2,0,0,0,0,0,0,0.3,0.3,0.3,0.04,0.04,0.09,0.04,0.09
Manchester United,Paul Pogba,FRA,MF,26,7,5,521,0,2,0,1,0,0,0,0.35,0.35,0,0.35,1.6,0.9,1.5,0.28,0.26,0.55,0.15,0.42
Manchester United,Juan Mata,ESP,"FW,MF",31,12,5,431,0,0,0,0,1,0,0,0,0,0,0,0.9,0.9,1,0.18,0.21,0.39,0.18,0.39
Manchester United,Brandon Williams,ENG,DF,18,6,4,358,1,0,0,0,4,0,0.25,0,0.25,0.25,0.25,0.2,0.2,0.2,0.06,0.05,0.1,0.06,0.1
Manchester United,Nemanja Matić,SRB,MF,30,5,4,331,0,0,0,0,0,0,0,0,0,0,0,0.1,0.1,0.1,0.03,0.04,0.07,0.03,0.07
Manchester United,Mason Greenwood,ENG,MF,17,16,2,396,3,0,0,0,0,0,0.68,0,0.68,0.68,0.68,1.6,1.6,0.2,0.37,0.04,0.41,0.37,0.41
Manchester United,Axel Tuanzebe,ENG,DF,21,5,2,186,0,0,0,0,0,0,0,0,0,0,0,0,0,0,0,0,0,0,0
Manchester United,Marcos Rojo,ARG,DF,29,3,1,120,0,0,0,0,1,0,0,0,0,0,0,0.1,0.1,0,0.08,0,0.08,0.08,0.08
Manchester United,Diogo Dalot,POR,DF,20,1,1,60,0,0,0,0,0,0,0,0,0,0,0,0,0,0,0,0,0,0,0
Manchester United,Phil Jones,ENG,"DF,MF",27,1,1,45,0,0,0,0,0,0,0,0,0,0,0,0,0,0,0,0,0,0,0
Manchester United,Tahith Chong,NED,,19,2,0,24,0,0,0,0,0,0,0,0,0,0,0,0,0,0,0,0,0,0,0
Manchester United,Angel Gomes,ENG,MF,18,1,0,9,0,0,0,0,0,0,0,0,0,0,0,0,0,0,0,0,0,0,0
Manchester United,James Garner,ENG,MF,18,1,0,8,0,0,0,0,0,0,0,0,0,0,0,0,0,0,0,0,0,0,0
Manchester United,Lee Grant,ENG,GK,36,0,0,,,,,,,,,,,,,,,,,,,,
Manchester United,Sergio Romero,ARG,GK,32,0,0,,,,,,,,,,,,,,,,,,,,
Newcastle United,Martin Dúbravka,SVK,GK,30,21,21,1890,0,0,0,0,0,0,0,0,0,0,0,0,0,0,0,0,0,0,0
Newcastle United,Miguel Almirón,PAR,MF,25,20,20,1679,1,1,0,0,3,0,0.05,0.05,0.11,0.05,0.11,4,4,0.5,0.22,0.03,0.24,0.22,0.24
Newcastle United,Joelinton,BRA,FW,22,21,20,1613,1,2,0,0,4,0,0.06,0.11,0.17,0.06,0.17,3.2,3.2,2.1,0.18,0.12,0.3,0.18,0.3
Newcastle United,Isaac Hayden,ENG,DF,24,17,17,1456,0,1,0,0,3,1,0,0.06,0.06,0,0.06,0.4,0.4,1.3,0.02,0.08,0.1,0.02,0.1
Newcastle United,Jetro Willems,NED,DF,25,17,16,1396,2,2,0,0,0,0,0.13,0.13,0.26,0.13,0.26,0.6,0.6,1.2,0.04,0.08,0.12,0.04,0.12
Newcastle United,Fabian Schär,SUI,DF,27,15,14,1288,2,0,0,0,4,0,0.14,0,0.14,0.14,0.14,1.1,1.1,0.1,0.07,0.01,0.08,0.07,0.08
Newcastle United,Paul Dummett,WAL,DF,27,15,13,1216,0,0,0,0,2,0,0,0,0,0,0,0,0,0.1,0,0.01,0.01,0,0.01
Newcastle United,Jonjo Shelvey,ENG,MF,27,14,13,1077,5,0,0,0,1,0,0.42,0,0.42,0.42,0.42,1.7,1.7,1.7,0.14,0.14,0.28,0.14,0.28
Newcastle United,Federico Fernández,ARG,DF,30,15,12,1103,2,1,0,0,4,0,0.16,0.08,0.24,0.16,0.24,1.2,1.2,0.2,0.09,0.02,0.11,0.09,0.11
Newcastle United,Jamaal Lascelles,ENG,DF,25,12,12,1002,1,0,0,0,1,0,0.09,0,0.09,0.09,0.09,0.3,0.3,0.1,0.02,0.01,0.04,0.02,0.04
Newcastle United,Allan Saint-Maximin,FRA,"FW,MF",22,12,10,823,1,0,0,0,0,0,0.11,0,0.11,0.11,0.11,1.5,1.5,1.3,0.17,0.14,0.31,0.17,0.31
Newcastle United,Sean Longstaff,ENG,MF,21,14,9,875,0,1,0,0,1,1,0,0.1,0.1,0,0.1,0.3,0.3,0.8,0.03,0.08,0.11,0.03,0.11
Newcastle United,Javier Manquillo,ESP,DF,25,11,9,800,0,1,0,0,2,0,0,0.11,0.11,0,0.11,0,0,0.1,0,0.01,0.01,0,0.01
Newcastle United,Ciaran Clark,IRL,"DF,MF",29,9,9,765,2,0,0,0,2,0,0.24,0,0.24,0.24,0.24,0.8,0.8,0,0.1,0,0.1,0.1,0.1
Newcastle United,DeAndre Yedlin,USA,DF,26,11,7,718,1,0,0,0,2,0,0.13,0,0.13,0.13,0.13,0.7,0.7,0.1,0.09,0.02,0.1,0.09,0.1
Newcastle United,Christian Atsu,GHA,"FW,MF",27,16,5,609,0,3,0,0,1,0,0,0.44,0.44,0,0.44,0.2,0.2,1,0.03,0.14,0.17,0.03,0.17
Newcastle United,Emil Krafth,SWE,DF,24,9,5,464,0,0,0,0,0,0,0,0,0,0,0,0.2,0.2,0,0.05,0,0.05,0.05,0.05
Newcastle United,Andy Carroll,ENG,FW,30,12,4,497,0,3,0,0,1,0,0,0.54,0.54,0,0.54,0.5,0.5,1.6,0.08,0.28,0.37,0.08,0.37
Newcastle United,Matthew Longstaff,ENG,MF,19,4,4,360,2,0,0,0,0,0,0.5,0,0.5,0.5,0.5,0.3,0.3,0.2,0.09,0.05,0.13,0.09,0.13
Newcastle United,Florian Lejeune,FRA,"DF,MF",28,4,4,344,0,0,0,0,0,0,0,0,0,0,0,0.1,0.1,0.1,0.02,0.02,0.04,0.02,0.04
Newcastle United,Matt Ritchie,SCO,MF,29,3,3,270,0,0,0,0,1,0,0,0,0,0,0,0.1,0.1,0.4,0.02,0.13,0.16,0.02,0.16
Newcastle United,Yoshinori Mutō,JPN,MF,27,7,2,201,0,0,0,0,0,0,0,0,0,0,0,0.1,0.1,0.1,0.04,0.03,0.07,0.04,0.07
Newcastle United,Dwight Gayle,ENG,FW,28,8,1,151,0,0,0,0,0,0,0,0,0,0,0,0.8,0.8,0,0.45,0,0.45,0.45,0.45
Newcastle United,Ki Sung-yueng,KOR,MF,30,3,1,136,0,0,0,0,0,0,0,0,0,0,0,0,0,0.1,0,0.05,0.05,0,0.05
Newcastle United,Karl Darlow,ENG,GK,28,0,0,,,,,,,,,,,,,,,,,,,,
Newcastle United,Rob Elliot,IRL,GK,33,0,0,,,,,,,,,,,,,,,,,,,,
Norwich City,Teemu Pukki,FIN,FW,29,21,21,1870,9,3,0,0,3,0,0.43,0.14,0.58,0.43,0.58,7.9,7.9,3,0.38,0.14,0.52,0.38,0.52
Norwich City,Max Aarons,ENG,MF,19,19,19,1710,0,0,0,0,5,0,0,0,0,0,0,0.4,0.4,3.1,0.02,0.16,0.18,0.02,0.18
Norwich City,Tim Krul,NED,GK,31,19,19,1710,0,0,0,0,3,0,0,0,0,0,0,0,0,0,0,0,0,0,0
Norwich City,Emi Buendía,ARG,FW,22,21,18,1595,0,7,0,0,2,0,0,0.39,0.39,0,0.39,1.3,1.3,5.7,0.08,0.32,0.4,0.08,0.4
Norwich City,Kenny McLean,SCO,MF,27,20,17,1569,1,1,0,0,4,0,0.06,0.06,0.11,0.06,0.11,1.2,1.2,1.3,0.07,0.07,0.14,0.07,0.14
Norwich City,Ben Godfrey,ENG,MF,21,17,17,1490,0,0,0,0,1,0,0,0,0,0,0,0.4,0.4,0,0.02,0,0.02,0.02,0.02
Norwich City,Todd Cantwell,ENG,,21,21,17,1456,6,2,0,0,2,0,0.37,0.12,0.49,0.37,0.49,5.1,5.1,1.9,0.31,0.12,0.43,0.31,0.43
Norwich City,Jamal Lewis,NIR,,21,14,13,1155,0,0,0,0,2,0,0,0,0,0,0,0.1,0.1,0.4,0.01,0.03,0.04,0.01,0.04
Norwich City,Alexander Tettey,NOR,MF,33,15,13,1113,1,1,0,0,4,0,0.08,0.08,0.16,0.08,0.16,0.5,0.5,0.3,0.04,0.03,0.07,0.04,0.07
Norwich City,Tom Trybull,GER,"DF,MF",26,14,12,1029,0,0,0,0,2,0,0,0,0,0,0,0.4,0.4,0,0.04,0,0.04,0.04,0.04
Norwich City,Marco Stiepermann,GER,"FW,MF",28,16,11,929,0,0,0,0,4,0,0,0,0,0,0,1.5,1.5,0.5,0.15,0.04,0.19,0.15,0.19
Norwich City,Sam Byram,ENG,"DF,MF",25,12,10,906,0,0,0,0,4,0,0,0,0,0,0,1,1,0.2,0.1,0.02,0.12,0.1,0.12
Norwich City,Christoph Zimmermann,GER,DF,26,10,10,846,0,1,0,0,2,0,0,0.11,0.11,0,0.11,0.2,0.2,0,0.02,0,0.02,0.02,0.02
Norwich City,Ibrahim Amadou,FRA,DF,26,10,8,731,0,0,0,0,1,0,0,0,0,0,0,1,1,0.1,0.12,0.01,0.13,0.12,0.13
Norwich City,Onel Hernández,CUB,FW,26,14,7,720,1,1,0,0,0,0,0.12,0.12,0.25,0.12,0.25,1.1,1.1,0.6,0.13,0.08,0.21,0.13,0.21
Norwich City,Moritz Leitner,GER,MF,26,9,7,685,0,0,0,0,1,0,0,0,0,0,0,0.2,0.2,0.3,0.03,0.04,0.07,0.03,0.07
Norwich City,Grant Hanley,SCO,DF,27,7,7,630,0,0,0,0,2,0,0,0,0,0,0,0.4,0.4,0,0.06,0,0.06,0.06,0.06
Norwich City,Mario Vrančić,BIH,MF,30,9,3,289,1,0,0,0,2,0,0.31,0,0.31,0.31,0.31,0.7,0.7,0.3,0.23,0.1,0.33,0.23,0.33
Norwich City,Michael McGovern,NIR,GK,35,2,1,158,0,0,0,0,0,0,0,0,0,0,0,0,0,0,0,0,0,0,0
Norwich City,Ralf Fährmann,GER,GK,30,1,1,22,0,0,0,0,0,0,0,0,0,0,0,0,0,0,0,0,0,0,0
Norwich City,Josip Drmić,SUI,FW,26,8,0,115,1,0,0,0,0,0,0.78,0,0.78,0.78,0.78,1.2,1.2,0,0.93,0,0.93,0.93,0.93
Norwich City,Dennis Srbeny,GER,MF,25,8,0,39,1,0,0,0,0,0,2.31,0,2.31,2.31,2.31,0.5,0.5,0,1.07,0,1.07,1.07,1.07
Norwich City,Patrick Roberts,ENG,"FW,MF",22,3,0,23,0,0,0,0,0,0,0,0,0,0,0,0,0,0,0,0,0,0,0
Norwich City,Adam Idah,IRL,FW,18,1,0,,0,0,0,0,0,0,,,,,,0,0,0,,,,,
Norwich City,Akin Famewo,ENG,DF,20,0,0,,,,,,,,,,,,,,,,,,,,
Norwich City,Philip Heise,GER,DF,28,0,0,,,,,,,,,,,,,,,,,,,,
Norwich City,Timm Klose,SUI,DF,31,0,0,,,,,,,,,,,,,,,,,,,,
Norwich City,Archie Mair,SCO,GK,18,0,0,,,,,,,,,,,,,,,,,,,,
Sheffield United,George Baldock,ENG,"DF,MF",26,21,21,1890,2,3,0,0,4,0,0.1,0.14,0.24,0.1,0.24,0.5,0.5,1.5,0.02,0.08,0.1,0.02,0.1
Sheffield United,Jack O'Connell,ENG,DF,25,21,21,1890,0,1,0,0,3,0,0,0.05,0.05,0,0.05,0.9,0.9,1,0.05,0.05,0.09,0.05,0.09
Sheffield United,Enda Stevens,IRL,DF,29,21,21,1890,1,2,0,0,4,0,0.05,0.1,0.14,0.05,0.14,0.5,0.5,2.5,0.02,0.13,0.15,0.02,0.15
Sheffield United,Chris Basham,ENG,"DF,MF",31,21,21,1836,0,0,0,0,4,0,0,0,0,0,0,0.4,0.4,0.6,0.02,0.03,0.05,0.02,0.05
Sheffield United,Oliver Norwood,NIR,MF,28,21,21,1752,1,0,1,1,4,0,0.05,0,0.05,0,0,1.3,0.6,2.4,0.07,0.13,0.2,0.03,0.16
Sheffield United,Dean Henderson,ENG,GK,22,20,20,1800,0,0,0,0,2,0,0,0,0,0,0,0,0,0,0,0,0,0,0
Sheffield United,John Egan,IRL,DF,26,20,20,1789,0,0,0,0,2,0,0,0,0,0,0,0.6,0.6,0,0.03,0,0.03,0.03,0.03
Sheffield United,John Lundstram,ENG,MF,25,20,20,1770,3,2,0,0,4,0,0.15,0.1,0.25,0.15,0.25,3.4,3.4,2.1,0.18,0.11,0.29,0.18,0.29
Sheffield United,John Fleck,SCO,"FW,MF",27,18,18,1559,4,1,0,0,5,0,0.23,0.06,0.29,0.23,0.29,3,3,1.9,0.18,0.11,0.3,0.18,0.3
Sheffield United,David McGoldrick,IRL,FW,31,18,15,1266,0,2,0,0,2,0,0,0.14,0.14,0,0.14,5.5,5.5,1.3,0.41,0.09,0.51,0.41,0.51
Sheffield United,Lys Mousset,FRA,MF,23,18,9,859,5,3,0,0,0,0,0.52,0.31,0.84,0.52,0.84,2.6,2.6,2,0.3,0.23,0.53,0.3,0.53
Sheffield United,Callum Robinson,IRL,FW,24,14,9,641,1,1,0,0,1,0,0.14,0.14,0.28,0.14,0.28,2.1,2.1,0.4,0.29,0.06,0.35,0.29,0.35
Sheffield United,Oliver McBurnie,SCO,FW,23,19,8,811,3,0,0,0,2,0,0.33,0,0.33,0.33,0.33,2.7,2.7,0.4,0.31,0.05,0.36,0.31,0.36
Sheffield United,Luke Freeman,ENG,"FW,MF",27,9,3,322,0,0,0,0,2,0,0,0,0,0,0,0,0,0.3,0.01,0.08,0.09,0.01,0.09
Sheffield United,Billy Sharp,ENG,FW,33,11,1,283,1,0,0,0,1,1,0.32,0,0.32,0.32,0.32,0.7,0.7,1.2,0.23,0.43,0.66,0.23,0.66
Sheffield United,Muhamed Bešić,BIH,"DF,MF",26,6,1,133,0,0,0,0,0,0,0,0,0,0,0,0.1,0.1,0.1,0.06,0.06,0.11,0.06,0.11
Sheffield United,Phil Jagielka,ENG,"DF,MF",36,4,1,128,0,0,0,0,0,0,0,0,0,0,0,0,0,0,0,0,0,0,0
Sheffield United,Simon Moore,ENG,GK,29,1,1,90,0,0,0,0,0,0,0,0,0,0,0,0,0,0,0,0,0,0,0
Sheffield United,Ben Osborn,ENG,MF,24,4,0,50,0,0,0,0,0,0,0,0,0,0,0,0,0,0.3,0,0.47,0.47,0,0.47
Sheffield United,Leon Clarke,ENG,FW,34,1,0,13,0,0,0,0,0,0,0,0,0,0,0,0.4,0.4,0,2.83,0,2.83,2.83,2.83
Sheffield United,Ravel Morrison,ENG,MF,26,1,0,12,0,0,0,0,0,0,0,0,0,0,0,0,0,0,0.3,0,0.3,0.3,0.3
Sheffield United,Kieron Freeman,WAL,DF,27,0,0,,,,,,,,,,,,,,,,,,,,
Sheffield United,Richard Stearman,ENG,DF,31,0,0,,,,,,,,,,,,,,,,,,,,
Sheffield United,Michael Verrips,NED,GK,22,0,0,,,,,,,,,,,,,,,,,,,,
Southampton,James Ward-Prowse,ENG,MF,24,21,21,1890,4,2,1,2,5,0,0.19,0.1,0.29,0.14,0.24,4.1,2.4,3.1,0.2,0.15,0.34,0.12,0.26
Southampton,Jan Bednarek,POL,DF,23,21,21,1888,0,0,0,0,2,0,0,0,0,0,0,0.6,0.6,0.1,0.03,0,0.03,0.03,0.03
Southampton,Pierre Højbjerg,DEN,MF,23,20,19,1727,0,1,0,0,4,0,0,0.05,0.05,0,0.05,1.6,1.6,1.5,0.08,0.08,0.16,0.08,0.16
Southampton,Nathan Redmond,ENG,MF,25,19,19,1612,2,0,0,0,1,0,0.11,0,0.11,0.11,0.11,3.6,3.6,1.9,0.2,0.11,0.31,0.2,0.31
Southampton,Danny Ings,ENG,FW,27,21,17,1447,13,1,0,0,1,0,0.81,0.06,0.87,0.81,0.87,8.7,8.7,1.2,0.54,0.07,0.62,0.54,0.62
Southampton,Ryan Bertrand,ENG,"DF,MF",29,16,15,1303,1,1,0,0,3,1,0.07,0.07,0.14,0.07,0.14,1.6,1.6,1.5,0.11,0.11,0.22,0.11,0.22
Southampton,Cédric Soares,POR,DF,27,13,13,1108,0,0,0,0,1,0,0,0,0,0,0,0.6,0.6,1.1,0.05,0.09,0.13,0.05,0.13
Southampton,Oriol Romeu,ESP,MF,27,17,12,1127,0,0,0,0,2,0,0,0,0,0,0,0.2,0.2,0.2,0.02,0.02,0.03,0.02,0.03
Southampton,Jack Stephens,ENG,DF,25,13,12,1108,1,2,0,0,0,0,0.08,0.16,0.24,0.08,0.24,0.2,0.2,0.8,0.02,0.06,0.08,0.02,0.08
Southampton,Alex McCarthy,ENG,GK,29,11,11,990,0,0,0,0,0,0,0,0,0,0,0,0,0,0,0,0,0,0,0
Southampton,Jannik Vestergaard,DEN,DF,26,11,11,934,1,0,0,0,1,0,0.1,0,0.1,0.1,0.1,0.5,0.5,0.1,0.05,0.01,0.05,0.05,0.05
Southampton,Angus Gunn,ENG,GK,23,10,10,900,0,0,0,0,0,0,0,0,0,0,0,0,0,0,0,0,0,0,0
Southampton,Che Adams,ENG,FW,23,15,8,634,0,0,0,0,0,0,0,0,0,0,0,1.5,1.5,0.3,0.21,0.04,0.25,0.21,0.25
Southampton,Moussa Djenepo,MLI,MF,21,12,7,644,2,1,0,0,4,0,0.28,0.14,0.42,0.28,0.42,1.8,1.8,0.8,0.25,0.11,0.36,0.25,0.36
Southampton,Yan Valery,FRA,DF,20,8,7,558,0,0,0,0,1,0,0,0,0,0,0,0.2,0.2,0.7,0.04,0.12,0.16,0.04,0.16
Southampton,Stuart Armstrong,SCO,MF,27,15,6,631,0,0,0,0,1,0,0,0,0,0,0,0.7,0.7,0.6,0.1,0.08,0.18,0.1,0.18
Southampton,Maya Yoshida,JPN,DF,30,8,6,558,0,0,0,0,1,0,0,0,0,0,0,0.6,0.6,0,0.09,0,0.09,0.09,0.09
Southampton,Sofiane Boufal,MAR,MF,25,14,5,561,0,2,0,0,2,0,0,0.32,0.32,0,0.32,0.8,0.8,2.2,0.13,0.35,0.48,0.13,0.48
Southampton,Shane Long,IRL,FW,32,11,5,526,0,1,0,0,0,0,0,0.17,0.17,0,0.17,2.8,2.8,0.4,0.48,0.07,0.55,0.48,0.55
Southampton,Kevin Danso,AUT,MF,20,6,3,275,0,1,0,0,2,1,0,0.33,0.33,0,0.33,0.1,0.1,0.2,0.03,0.06,0.09,0.03,0.09
Southampton,Michael Obafemi,IRL,FW,19,9,3,272,1,0,0,0,0,0,0.33,0,0.33,0.33,0.33,0.2,0.2,0.2,0.06,0.06,0.13,0.06,0.13
Southampton,Fraser Forster,ENG,GK,31,0,0,,,,,,,,,,,,,,,,,,,,
Southampton,Harry Lewis,ENG,GK,21,0,0,,,,,,,,,,,,,,,,,,,,
Southampton,Dan Nlundulu,ENG,FW,20,0,0,,,,,,,,,,,,,,,,,,,,
Southampton,William Smallbone,IRL,MF,19,0,0,,,,,,,,,,,,,,,,,,,,
Tottenham Hotspur,Toby Alderweireld,BEL,DF,30,20,20,1800,0,2,0,0,3,0,0,0.1,0.1,0,0.1,0.4,0.4,0.8,0.02,0.04,0.06,0.02,0.06
Tottenham Hotspur,Harry Kane,ENG,FW,26,20,20,1780,11,2,2,2,2,0,0.56,0.1,0.66,0.46,0.56,6.9,5.4,1.8,0.35,0.09,0.44,0.27,0.36
Tottenham Hotspur,Moussa Sissoko,FRA,MF,29,20,19,1690,2,1,0,0,6,0,0.11,0.05,0.16,0.11,0.16,2,2,1,0.11,0.05,0.16,0.11,0.16
Tottenham Hotspur,Serge Aurier,CIV,DF,26,16,16,1358,0,3,0,0,3,1,0,0.2,0.2,0,0.2,0.3,0.3,0.9,0.02,0.06,0.08,0.02,0.08
Tottenham Hotspur,Davinson Sánchez,COL,DF,23,16,15,1350,0,0,0,0,4,0,0,0,0,0,0,0.6,0.6,0,0.04,0,0.04,0.04,0.04
Tottenham Hotspur,Son Heung-min,KOR,"FW,MF",27,16,15,1298,5,7,0,0,0,2,0.35,0.49,0.83,0.35,0.83,3.7,3.7,4.3,0.25,0.3,0.55,0.25,0.55
Tottenham Hotspur,Paulo Gazzaniga,ARG,GK,27,15,14,1342,0,0,0,0,1,0,0,0,0,0,0,0,0,0.4,0,0.03,0.03,0,0.03
Tottenham Hotspur,Jan Vertonghen,BEL,DF,32,14,14,1199,1,1,0,0,1,0,0.08,0.08,0.15,0.08,0.15,0.4,0.4,0.9,0.03,0.07,0.1,0.03,0.1
Tottenham Hotspur,Dele Alli,ENG,MF,23,14,13,1166,6,3,0,0,2,0,0.46,0.23,0.69,0.46,0.69,3.4,3.4,1.6,0.26,0.12,0.39,0.26,0.39
Tottenham Hotspur,Harry Winks,ENG,MF,23,16,12,998,0,0,0,0,5,0,0,0,0,0,0,0.3,0.3,0.4,0.02,0.04,0.06,0.02,0.06
Tottenham Hotspur,Lucas Moura,BRA,"FW,MF",26,19,11,1014,4,1,0,0,2,0,0.36,0.09,0.44,0.36,0.44,4,4,0.5,0.35,0.05,0.4,0.35,0.4
Tottenham Hotspur,Tanguy Ndombele,FRA,MF,22,15,10,802,2,1,0,0,2,0,0.22,0.11,0.34,0.22,0.34,0.4,0.4,1.1,0.04,0.12,0.16,0.04,0.16
Tottenham Hotspur,Christian Eriksen,DEN,"DF,MF",27,17,9,978,2,2,0,0,5,0,0.18,0.18,0.37,0.18,0.37,1.8,1.8,1.6,0.16,0.15,0.31,0.16,0.31
Tottenham Hotspur,Danny Rose,ENG,"DF,MF",29,11,9,825,0,0,0,0,5,0,0,0,0,0,0,0.1,0.1,0.8,0.01,0.09,0.1,0.01,0.1
Tottenham Hotspur,Érik Lamela,ARG,"FW,MF",27,11,7,638,2,1,0,0,2,0,0.28,0.14,0.42,0.28,0.42,1,1,1.5,0.14,0.21,0.35,0.14,0.35
Tottenham Hotspur,Eric Dier,ENG,"DF,MF",25,9,7,611,0,1,0,0,4,0,0,0.15,0.15,0,0.15,0.9,0.9,0.1,0.14,0.01,0.15,0.14,0.15
Tottenham Hotspur,Hugo Lloris,FRA,GK,32,7,7,548,0,0,0,0,0,0,0,0,0,0,0,0,0,0,0,0,0,0,0
Tottenham Hotspur,Ben Davies,WAL,DF,26,6,4,361,0,0,0,0,1,0,0,0,0,0,0,0,0,0.1,0.01,0.02,0.03,0.01,0.03
Tottenham Hotspur,Ryan Sessegnon,ENG,DF,19,5,3,251,0,0,0,0,0,0,0,0,0,0,0,0.1,0.1,0.1,0.04,0.02,0.06,0.04,0.06
Tottenham Hotspur,Kyle Walker-Peters,ENG,DF,22,3,3,242,0,0,0,0,0,0,0,0,0,0,0,0,0,0.1,0.01,0.03,0.04,0.01,0.04
Tottenham Hotspur,Giovani Lo Celso,ARG,MF,23,11,2,333,0,0,0,0,1,0,0,0,0,0,0,0.3,0.3,0.2,0.08,0.07,0.15,0.08,0.15
Tottenham Hotspur,Juan Foyth,ARG,DF,21,4,1,65,0,0,0,0,1,0,0,0,0,0,0,0,0,0,0,0.03,0.03,0,0.03
Tottenham Hotspur,Victor Wanyama,KEN,MF,28,2,0,23,0,0,0,0,1,0,0,0,0,0,0,0,0,0,0,0,0,0,0
Tottenham Hotspur,Oliver Skipp,ENG,MF,18,3,0,10,0,0,0,0,0,0,0,0,0,0,0,0,0,0,0,0,0,0,0
Tottenham Hotspur,Troy Parrott,IRL,FW,17,1,0,5,0,0,0,0,0,0,0,0,0,0,0,0,0,0,0,0,0,0,0
Tottenham Hotspur,Georges-Kévin N'Koudou,FRA,MF,24,1,0,2,0,0,0,0,0,0,0,0,0,0,0,0,0,0,0.89,0,0.89,0.89,0.89
Tottenham Hotspur,Brandon Austin,ENG,GK,20,0,0,,,,,,,,,,,,,,,,,,,,
Tottenham Hotspur,Japhet Tanganga,ENG,DF,20,0,0,,,,,,,,,,,,,,,,,,,,
Tottenham Hotspur,Michel Vorm,NED,GK,35,0,0,,,,,,,,,,,,,,,,,,,,
Tottenham Hotspur,Alfie Whiteman,ENG,GK,20,0,0,,,,,,,,,,,,,,,,,,,,
Watford,Ben Foster,ENG,GK,36,21,21,1890,0,0,0,0,1,0,0,0,0,0,0,0.1,0.1,0,0,0,0,0,0
Watford,Abdoulaye Doucouré,FRA,MF,26,20,20,1745,2,0,0,0,5,0,0.1,0,0.1,0.1,0.1,2.8,2.8,1.4,0.14,0.07,0.22,0.14,0.22
Watford,Craig Cathcart,NIR,DF,30,19,19,1635,0,0,0,0,4,0,0,0,0,0,0,0.1,0.1,0.1,0,0,0.01,0,0.01
Watford,Gerard Deulofeu,ESP,"FW,MF",25,21,18,1542,4,3,1,1,3,0,0.23,0.18,0.41,0.18,0.35,3.9,3.1,3.7,0.23,0.22,0.44,0.18,0.4
Watford,Étienne Capoue,FRA,MF,31,16,16,1420,0,1,0,0,5,0,0,0.06,0.06,0,0.06,0.6,0.6,1.1,0.04,0.07,0.11,0.04,0.11
Watford,Kiko Femenía,ESP,"FW,MF",28,17,15,1346,0,0,0,0,4,0,0,0,0,0,0,0.1,0.1,1.2,0.01,0.08,0.08,0.01,0.08
Watford,Will Hughes,ENG,MF,24,17,14,1162,1,1,0,0,3,0,0.08,0.08,0.15,0.08,0.15,2.1,2.1,0.6,0.16,0.05,0.21,0.16,0.21
Watford,Craig Dawson,ENG,DF,29,16,13,1189,0,0,0,0,4,0,0,0,0,0,0,0.8,0.8,0,0.06,0,0.06,0.06,0.06
Watford,Christian Kabasele,BEL,DF,28,13,13,1124,0,1,0,0,3,2,0,0.08,0.08,0,0.08,0.4,0.4,0.3,0.03,0.03,0.06,0.03,0.06
Watford,José Holebas,GRE,"DF,MF",35,12,11,1006,0,0,0,0,5,0,0,0,0,0,0,0.4,0.4,0.7,0.04,0.07,0.1,0.04,0.1
Watford,Ismaila Sarr,SEN,MF,21,14,9,862,3,1,0,0,1,0,0.31,0.1,0.42,0.31,0.42,3,3,0.7,0.31,0.08,0.39,0.31,0.39
Watford,Troy Deeney,ENG,FW,31,10,9,816,3,0,2,2,2,0,0.33,0,0.33,0.11,0.11,3.5,2,1.1,0.39,0.12,0.51,0.22,0.34
Watford,Roberto Pereyra,ARG,MF,28,15,8,874,1,0,1,1,3,0,0.1,0,0.1,0,0,1.8,1,1.4,0.18,0.14,0.32,0.1,0.24
Watford,Adrian Mariappa,JAM,DF,32,10,8,776,0,0,0,0,3,1,0,0,0,0,0,0.3,0.3,0.2,0.04,0.02,0.06,0.04,0.06
Watford,Tom Cleverley,ENG,MF,29,9,8,647,1,0,0,0,0,0,0.14,0,0.14,0.14,0.14,1.5,1.5,0.4,0.2,0.06,0.26,0.2,0.26
Watford,Andre Gray,ENG,FW,28,17,7,701,2,0,0,0,1,0,0.26,0,0.26,0.26,0.26,2.5,2.5,1.7,0.32,0.21,0.54,0.32,0.54
Watford,Daryl Janmaat,NED,DF,30,8,7,608,0,1,0,0,1,0,0,0.15,0.15,0,0.15,0.3,0.3,0.4,0.05,0.06,0.1,0.05,0.1
Watford,Adam Masina,ITA,DF,25,9,5,502,0,0,0,0,2,0,0,0,0,0,0,0,0,0.1,0.01,0.02,0.03,0.01,0.03
Watford,Nathaniel Chalobah,ENG,"DF,MF",24,10,5,476,0,1,0,0,1,0,0,0.19,0.19,0,0.19,0.3,0.3,0.5,0.05,0.09,0.14,0.05,0.14
Watford,Danny Welbeck,ENG,"FW,MF",28,5,3,210,0,0,0,0,0,0,0,0,0,0,0,0.6,0.6,0.1,0.27,0.02,0.29,0.27,0.29
Watford,Dimitri Foulquier,FRA,DF,26,3,1,58,0,0,0,0,0,0,0,0,0,0,0,0,0,0,0,0.03,0.03,0,0.03
Watford,Sebastian Prödl,AUT,"DF,MF",32,1,1,57,0,0,0,0,0,0,0,0,0,0,0,0.1,0.1,0,0.11,0,0.11,0.11,0.11
Watford,Isaac Success,NGA,FW,23,4,0,50,0,0,0,0,0,0,0,0,0,0,0,0.1,0.1,0.1,0.14,0.23,0.36,0.14,0.36
Watford,Domingos Quina,POR,MF,19,3,0,14,0,0,0,0,0,0,0,0,0,0,0,0,0,0,0.2,0,0.2,0.2,0.2
Watford,Tom Dele-Bashiru,NGA,MF,19,0,0,,,,,,,,,,,,,,,,,,,,
Watford,Heurelho Gomes,BRA,GK,38,0,0,,,,,,,,,,,,,,,,,,,,
Watford,Ken Sema,SWE,MF,25,0,0,,,,,,,,,,,,,,,,,,,,
West Ham United,Declan Rice,ENG,DF,20,20,20,1800,0,1,0,0,4,0,0,0.05,0.05,0,0.05,0.5,0.5,0.3,0.02,0.02,0.04,0.02,0.04
West Ham United,Ryan Fredericks,ENG,DF,26,18,17,1538,0,2,0,0,5,0,0,0.12,0.12,0,0.12,0,0,1.2,0,0.07,0.07,0,0.07
West Ham United,Sébastien Haller,FRA,FW,25,19,17,1493,6,1,0,0,1,0,0.36,0.06,0.42,0.36,0.42,5,5,0.9,0.32,0.06,0.38,0.32,0.38
West Ham United,Mark Noble,ENG,MF,32,17,17,1346,3,1,2,2,2,0,0.2,0.07,0.27,0.07,0.13,1.2,0.4,0.5,0.09,0.04,0.12,0.03,0.07
West Ham United,Felipe Anderson,BRA,"FW,MF",26,18,17,1257,1,4,0,0,1,0,0.07,0.29,0.36,0.07,0.36,1.6,1.6,2.8,0.12,0.21,0.33,0.12,0.33
West Ham United,Angelo Ogbonna,ITA,DF,31,15,15,1350,2,0,0,0,2,0,0.13,0,0.13,0.13,0.13,0.7,0.7,0,0.05,0,0.05,0.05,0.05
West Ham United,Issa Diop,FRA,DF,22,15,14,1236,0,0,0,0,6,0,0,0,0,0,0,0.6,0.6,0.3,0.04,0.02,0.06,0.04,0.06
West Ham United,Aaron Cresswell,ENG,DF,29,14,14,1215,3,0,0,0,6,0,0.22,0,0.22,0.22,0.22,0.8,0.8,0.4,0.06,0.03,0.09,0.06,0.09
West Ham United,Pablo Fornals,ESP,MF,23,19,12,1107,1,3,0,0,1,0,0.08,0.24,0.33,0.08,0.33,1.4,1.4,1.4,0.12,0.13,0.25,0.12,0.25
West Ham United,Robert Snodgrass,SCO,"FW,MF",31,15,11,1004,3,2,0,0,4,0,0.27,0.18,0.45,0.27,0.45,2,2,1.7,0.2,0.16,0.36,0.2,0.36
West Ham United,Fabián Balbuena,PAR,DF,27,12,11,990,1,0,0,0,2,0,0.09,0,0.09,0.09,0.09,1.7,1.7,0,0.17,0,0.17,0.17,0.17
West Ham United,Andriy Yarmolenko,UKR,"FW,MF",29,15,9,828,3,1,0,0,2,0,0.33,0.11,0.43,0.33,0.43,1.5,1.5,2.5,0.16,0.27,0.43,0.16,0.43
West Ham United,Łukasz Fabiański,POL,GK,34,9,9,754,0,0,0,0,1,0,0,0,0,0,0,0,0,0,0,0,0,0,0
West Ham United,Manuel Lanzini,ARG,MF,26,14,8,856,0,2,0,0,0,0,0,0.21,0.21,0,0.21,1.3,1.3,1.7,0.14,0.19,0.33,0.14,0.33
West Ham United,Roberto,ESP,GK,33,8,7,686,0,0,0,0,0,0,0,0,0,0,0,0,0,0,0,0,0,0,0
West Ham United,Arthur Masuaku,COD,DF,25,9,6,569,0,1,0,0,4,1,0,0.16,0.16,0,0.16,0.1,0.1,0.9,0.01,0.15,0.16,0.01,0.16
West Ham United,Michail Antonio,ENG,"FW,MF",29,9,5,551,1,1,0,0,0,0,0.16,0.16,0.33,0.16,0.33,2.3,2.3,1,0.38,0.16,0.54,0.38,0.54
West Ham United,David Martin,ENG,GK,33,4,4,360,0,0,0,0,1,0,0,0,0,0,0,0,0,0,0,0,0,0,0
West Ham United,Pablo Zabaleta,ARG,DF,34,6,3,289,0,0,0,0,1,0,0,0,0,0,0,0,0,0.2,0,0.05,0.05,0,0.05
West Ham United,Jack Wilshere,ENG,MF,27,6,2,175,0,0,0,0,0,0,0,0,0,0,0,0,0,0,0,0,0,0,0
West Ham United,Carlos Sánchez,COL,MF,33,6,1,113,0,0,0,0,0,0,0,0,0,0,0,0,0,0,0,0,0,0,0
West Ham United,Javier Hernández,MEX,FW,31,2,1,107,1,0,0,0,0,0,0.84,0,0.84,0.84,0.84,0.7,0.7,0,0.62,0,0.62,0.62,0.62
West Ham United,Albian Ajeti,SUI,FW,22,7,0,121,0,0,0,0,0,0,0,0,0,0,0,0.1,0.1,0.1,0.04,0.04,0.08,0.04,0.08
West Ham United,Nathan Holland,ENG,FW,21,2,0,31,0,0,0,0,0,0,0,0,0,0,0,0,0,0,0.11,0,0.11,0.11,0.11
West Ham United,Joseph Anang,GHA,GK,19,0,0,,,,,,,,,,,,,,,,,,,,
West Ham United,Winston Reid,NZL,DF,31,0,0,,,,,,,,,,,,,,,,,,,,
Wolverhampton Wanderers,Conor Coady,ENG,"DF,MF",26,21,21,1890,0,0,0,0,2,0,0,0,0,0,0,0,0,0.5,0,0.02,0.02,0,0.02
Wolverhampton Wanderers,Rui Patrício,POR,GK,31,21,21,1890,0,0,0,0,0,0,0,0,0,0,0,0,0,0,0,0,0,0,0
Wolverhampton Wanderers,João Moutinho,POR,MF,32,21,20,1800,1,6,0,0,4,0,0.05,0.3,0.35,0.05,0.35,0.7,0.7,3.9,0.03,0.19,0.23,0.03,0.23
Wolverhampton Wanderers,Raúl Jiménez,MEX,FW,28,21,20,1763,8,6,2,2,2,0,0.41,0.31,0.71,0.31,0.61,8,6.5,4.5,0.41,0.23,0.64,0.33,0.56
Wolverhampton Wanderers,Leander Dendoncker,BEL,MF,24,21,20,1729,1,0,0,0,2,0,0.05,0,0.05,0.05,0.05,1.1,1.1,0.3,0.06,0.02,0.07,0.06,0.07
Wolverhampton Wanderers,Jonny Castro,ESP,DF,25,20,19,1667,1,1,0,0,4,0,0.05,0.05,0.11,0.05,0.11,1,1,0.8,0.06,0.04,0.1,0.06,0.1
Wolverhampton Wanderers,Rúben Neves,POR,MF,22,21,18,1596,2,1,0,0,4,0,0.11,0.06,0.17,0.11,0.17,0.9,0.9,1.1,0.05,0.06,0.11,0.05,0.11
Wolverhampton Wanderers,Adama Traoré,ESP,"FW,MF",23,20,17,1583,4,4,0,0,0,0,0.23,0.23,0.45,0.23,0.45,1.9,1.9,4.1,0.11,0.23,0.34,0.11,0.34
Wolverhampton Wanderers,Matt Doherty,IRL,DF,27,19,16,1430,3,0,0,0,1,0,0.19,0,0.19,0.19,0.19,3.4,3.4,0.4,0.22,0.02,0.24,0.22,0.24
Wolverhampton Wanderers,Diogo Jota,POR,MF,22,19,16,1395,3,0,0,0,3,0,0.19,0,0.19,0.19,0.19,5.4,5.4,1.9,0.35,0.12,0.47,0.35,0.47
Wolverhampton Wanderers,Romain Saïss,MAR,DF,29,17,15,1265,2,0,0,0,9,1,0.14,0,0.14,0.14,0.14,1.7,1.7,0.5,0.12,0.03,0.16,0.12,0.16
Wolverhampton Wanderers,Willy Boly,FRA,DF,28,8,8,719,0,1,0,0,2,1,0,0.13,0.13,0,0.13,0,0,0.3,0,0.04,0.04,0,0.04
Wolverhampton Wanderers,Ryan Bennett,ENG,DF,29,11,7,604,0,0,0,0,2,0,0,0,0,0,0,0,0,0.1,0,0.02,0.02,0,0.02
Wolverhampton Wanderers,Pedro Neto,POR,FW,19,14,3,353,1,2,0,0,2,0,0.25,0.51,0.76,0.25,0.76,0.6,0.6,1.7,0.14,0.43,0.57,0.14,0.57
Wolverhampton Wanderers,Rúben Vinagre,POR,DF,20,9,3,333,0,0,0,0,1,0,0,0,0,0,0,0.2,0.2,0.5,0.06,0.14,0.19,0.06,0.19
Wolverhampton Wanderers,Patrick Cutrone,ITA,FW,21,12,3,292,2,0,0,0,0,0,0.62,0,0.62,0.62,0.62,2.3,2.3,0,0.71,0.01,0.73,0.71,0.73
Wolverhampton Wanderers,Max Kilman,ENG,DF,22,2,2,180,0,0,0,0,0,0,0,0,0,0,0,0,0,0,0,0,0,0,0
Wolverhampton Wanderers,Jesús Vallejo,ESP,DF,22,2,1,162,0,0,0,0,1,0,0,0,0,0,0,0,0,0,0,0,0,0,0
Wolverhampton Wanderers,Morgan Gibbs-White,ENG,MF,19,3,1,120,0,0,0,0,0,0,0,0,0,0,0,0.1,0.1,0.1,0.06,0.07,0.13,0.06,0.13
Wolverhampton Wanderers,Bernard Ashley-Seal,ENG,FW,20,0,0,,,,,,,,,,,,,,,,,,,,
Wolverhampton Wanderers,Oskar Buur,DEN,DF,21,0,0,,,,,,,,,,,,,,,,,,,,
Wolverhampton Wanderers,Luke Cundle,ENG,MF,,0,0,,,,,,,,,,,,,,,,,,,,
Wolverhampton Wanderers,Owen Otasowie,ENG,MF,18,0,0,,,,,,,,,,,,,,,,,,,,
Wolverhampton Wanderers,Taylor Perry,ENG,MF,18,0,0,,,,,,,,,,,,,,,,,,,,
Wolverhampton Wanderers,John Ruddy,ENG,GK,32,0,0,,,,,,,,,,,,,,,,,,,,
